"ï»¿""start""",profile_name,xmloutputversion,scanner,version,startstr,args,scaninfo__services,scaninfo__protocol,scaninfo__numservices,scaninfo__type,verbose__level,debugging__level,output__type,output__#Text,host__comment,host__status__state,host__address__addrtype,host__address__vendor,host__address__addr,host__hostnames,host__ports__extraports__count,host__ports__extraports__state,host__ports__port__protocol,host__ports__port__portid,host__ports__port__state__reason,host__ports__port__state__state,host__ports__port__state__reason_ttl,host__ports__port__service__method,host__ports__port__service__conf,host__ports__port__service__name,host__os,host__uptime__lastboot,host__uptime__seconds,host__tcpsequence__index,host__tcpsequence__values,host__tcpsequence__difficulty,host__ipidsequence__values,host__ipidsequence__class,host__tcptssequence__values,host__tcptssequence__class,runstats__finished__timestr,runstats__finished__time,runstats__hosts__down,runstats__hosts__total,runstats__hosts__up
1649082463,,1.04,nmap,7.91,Mon Apr 04 21:27:43 2022,nmap -T4 -v 172.28.131.102 172.28.131.105 172.28.140.41 172.28.140.43 172.28.140.45 172.28.131.48 172.28.131.49 172.28.135.223 172.28.131.108 172.28.131.23 172.28.131.24 172.28.136.118 172.28.190.131 172.28.190.133 172.28.136.153 172.28.137.52,"1,3-4,6-7,9,13,17,19-26,30,32-33,37,42-43,49,53,70,79-85,88-90,99-100,106,109-111,113,119,125,135,139,143-144,146,161,163,179,199,211-212,222,254-256,259,264,280,301,306,311,340,366,389,406-407,416-417,425,427,443-445,458,464-465,481,497,500,512-515,524,541,543-545,548,554-555,563,587,593,616-617,625,631,636,646,648,666-668,683,687,691,700,705,711,714,720,722,726,749,765,777,783,787,800-801,808,843,873,880,888,898,900-903,911-912,981,987,990,992-993,995,999-1002,1007,1009-1011,1021-1100,1102,1104-1108,1110-1114,1117,1119,1121-1124,1126,1130-1132,1137-1138,1141,1145,1147-1149,1151-1152,1154,1163-1166,1169,1174-1175,1183,1185-1187,1192,1198-1199,1201,1213,1216-1218,1233-1234,1236,1244,1247-1248,1259,1271-1272,1277,1287,1296,1300-1301,1309-1311,1322,1328,1334,1352,1417,1433-1434,1443,1455,1461,1494,1500-1501,1503,1521,1524,1533,1556,1580,1583,1594,1600,1641,1658,1666,1687-1688,1700,1717-1721,1723,1755,1761,1782-1783,1801,1805,1812,1839-1840,1862-1864,1875,1900,1914,1935,1947,1971-1972,1974,1984,1998-2010,2013,2020-2022,2030,2033-2035,2038,2040-2043,2045-2049,2065,2068,2099-2100,2103,2105-2107,2111,2119,2121,2126,2135,2144,2160-2161,2170,2179,2190-2191,2196,2200,2222,2251,2260,2288,2301,2323,2366,2381-2383,2393-2394,2399,2401,2492,2500,2522,2525,2557,2601-2602,2604-2605,2607-2608,2638,2701-2702,2710,2717-2718,2725,2800,2809,2811,2869,2875,2909-2910,2920,2967-2968,2998,3000-3001,3003,3005-3007,3011,3013,3017,3030-3031,3052,3071,3077,3128,3168,3211,3221,3260-3261,3268-3269,3283,3300-3301,3306,3322-3325,3333,3351,3367,3369-3372,3389-3390,3404,3476,3493,3517,3527,3546,3551,3580,3659,3689-3690,3703,3737,3766,3784,3800-3801,3809,3814,3826-3828,3851,3869,3871,3878,3880,3889,3905,3914,3918,3920,3945,3971,3986,3995,3998,4000-4006,4045,4111,4125-4126,4129,4224,4242,4279,4321,4343,4443-4446,4449,4550,4567,4662,4848,4899-4900,4998,5000-5004,5009,5030,5033,5050-5051,5054,5060-5061,5080,5087,5100-5102,5120,5190,5200,5214,5221-5222,5225-5226,5269,5280,5298,5357,5405,5414,5431-5432,5440,5500,5510,5544,5550,5555,5560,5566,5631,5633,5666,5678-5679,5718,5730,5800-5802,5810-5811,5815,5822,5825,5850,5859,5862,5877,5900-5904,5906-5907,5910-5911,5915,5922,5925,5950,5952,5959-5963,5987-5989,5998-6007,6009,6025,6059,6100-6101,6106,6112,6123,6129,6156,6346,6389,6502,6510,6543,6547,6565-6567,6580,6646,6666-6669,6689,6692,6699,6779,6788-6789,6792,6839,6881,6901,6969,7000-7002,7004,7007,7019,7025,7070,7100,7103,7106,7200-7201,7402,7435,7443,7496,7512,7625,7627,7676,7741,7777-7778,7800,7911,7920-7921,7937-7938,7999-8002,8007-8011,8021-8022,8031,8042,8045,8080-8090,8093,8099-8100,8180-8181,8192-8194,8200,8222,8254,8290-8292,8300,8333,8383,8400,8402,8443,8500,8600,8649,8651-8652,8654,8701,8800,8873,8888,8899,8994,9000-9003,9009-9011,9040,9050,9071,9080-9081,9090-9091,9099-9103,9110-9111,9200,9207,9220,9290,9415,9418,9485,9500,9502-9503,9535,9575,9593-9595,9618,9666,9876-9878,9898,9900,9917,9929,9943-9944,9968,9998-10004,10009-10010,10012,10024-10025,10082,10180,10215,10243,10566,10616-10617,10621,10626,10628-10629,10778,11110-11111,11967,12000,12174,12265,12345,13456,13722,13782-13783,14000,14238,14441-14442,15000,15002-15004,15660,15742,16000-16001,16012,16016,16018,16080,16113,16992-16993,17877,17988,18040,18101,18988,19101,19283,19315,19350,19780,19801,19842,20000,20005,20031,20221-20222,20828,21571,22939,23502,24444,24800,25734-25735,26214,27000,27352-27353,27355-27356,27715,28201,30000,30718,30951,31038,31337,32768-32785,33354,33899,34571-34573,35500,38292,40193,40911,41511,42510,44176,44442-44443,44501,45100,48080,49152-49161,49163,49165,49167,49175-49176,49400,49999-50003,50006,50300,50389,50500,50636,50800,51103,51493,52673,52822,52848,52869,54045,54328,55055-55056,55555,55600,56737-56738,57294,57797,58080,60020,60443,61532,61900,62078,63331,64623,64680,65000,65129,65389",tcp,1000,syn,1,0,interactive,"Starting Nmap 7.91 ( https://nmap.org ) at 2022-04-04 21:27 SE Asia Standard Time\n\nInitiating Ping Scan at 21:27\n\nScanning 16 hosts [4 ports/host]\n\nCompleted Ping Scan at 21:27, 1.58s elapsed (16 total hosts)\n\nInitiating Parallel DNS resolution of 16 hosts. at 21:27\n\nCompleted Parallel DNS resolution of 16 hosts. at 21:28, 26.04s elapsed\n\nInitiating SYN Stealth Scan at 21:28\n\nScanning 16 hosts [1000 ports/host]\n\nDiscovered open port 111/tcp on 172.28.137.52\n\nDiscovered open port 443/tcp on 172.28.140.45\n\nDiscovered open port 443/tcp on 172.28.131.24\n\nDiscovered open port 443/tcp on 172.28.140.41\n\nDiscovered open port 443/tcp on 172.28.131.102\n\nDiscovered open port 443/tcp on 172.28.131.23\n\nDiscovered open port 443/tcp on 172.28.136.153\n\nDiscovered open port 443/tcp on 172.28.190.133\n\nDiscovered open port 139/tcp on 172.28.131.48\n\nDiscovered open port 139/tcp on 172.28.131.49\n\nDiscovered open port 139/tcp on 172.28.131.105\n\nDiscovered open port 139/tcp on 172.28.131.108\n\nDiscovered open port 139/tcp on 172.28.135.223\n\nDiscovered open port 139/tcp on 172.28.131.102\n\nDiscovered open port 139/tcp on 172.28.136.153\n\nDiscovered open port 80/tcp on 172.28.131.24\n\nDiscovered open port 80/tcp on 172.28.140.41\n\nDiscovered open port 139/tcp on 172.28.190.133\n\nDiscovered open port 139/tcp on 172.28.136.118\n\nDiscovered open port 139/tcp on 172.28.190.131\n\nDiscovered open port 80/tcp on 172.28.131.23\n\nDiscovered open port 22/tcp on 172.28.131.24\n\nDiscovered open port 80/tcp on 172.28.136.153\n\nDiscovered open port 22/tcp on 172.28.140.43\n\nDiscovered open port 22/tcp on 172.28.137.52\n\nDiscovered open port 80/tcp on 172.28.135.223\n\nDiscovered open port 22/tcp on 172.28.140.45\n\nDiscovered open port 80/tcp on 172.28.131.105\n\nDiscovered open port 80/tcp on 172.28.190.133\n\nDiscovered open port 5900/tcp on 172.28.135.223\n\nDiscovered open port 8080/tcp on 172.28.131.24\n\nDiscovered open port 8080/tcp on 172.28.140.45\n\nDiscovered open port 445/tcp on 172.28.131.102\n\nDiscovered open port 445/tcp on 172.28.131.105\n\nDiscovered open port 445/tcp on 172.28.131.108\n\nDiscovered open port 445/tcp on 172.28.190.133\n\nDiscovered open port 445/tcp on 172.28.135.223\n\nDiscovered open port 135/tcp on 172.28.131.102\n\nDiscovered open port 135/tcp on 172.28.131.105\n\nDiscovered open port 135/tcp on 172.28.190.133\n\nDiscovered open port 445/tcp on 172.28.136.153\n\nDiscovered open port 135/tcp on 172.28.135.223\n\nDiscovered open port 445/tcp on 172.28.136.118\n\nDiscovered open port 445/tcp on 172.28.190.131\n\nDiscovered open port 135/tcp on 172.28.131.108\n\nDiscovered open port 135/tcp on 172.28.136.153\n\nDiscovered open port 135/tcp on 172.28.136.118\n\nDiscovered open port 135/tcp on 172.28.190.131\n\nDiscovered open port 3389/tcp on 172.28.131.102\n\nDiscovered open port 3389/tcp on 172.28.135.223\n\nDiscovered open port 3389/tcp on 172.28.131.108\n\nDiscovered open port 3389/tcp on 172.28.190.133\n\nDiscovered open port 3389/tcp on 172.28.131.105\n\nDiscovered open port 3389/tcp on 172.28.136.153\n\nDiscovered open port 3389/tcp on 172.28.136.118\n\nDiscovered open port 3389/tcp on 172.28.190.131\n\nDiscovered open port 7000/tcp on 172.28.131.102\n\nDiscovered open port 8001/tcp on 172.28.137.52\n\nDiscovered open port 27000/tcp on 172.28.131.102\n\nDiscovered open port 4000/tcp on 172.28.131.102\n\nDiscovered open port 9090/tcp on 172.28.131.24\n\nDiscovered open port 8000/tcp on 172.28.137.52\n\nDiscovered open port 49156/tcp on 172.28.135.223\n\nDiscovered open port 5800/tcp on 172.28.135.223\n\nDiscovered open port 1556/tcp on 172.28.137.52\n\nDiscovered open port 6101/tcp on 172.28.131.102\n\nDiscovered open port 49167/tcp on 172.28.190.131\n\nDiscovered open port 49167/tcp on 172.28.136.153\n\nDiscovered open port 65000/tcp on 172.28.136.118\n\nDiscovered open port 65000/tcp on 172.28.190.133\n\nDiscovered open port 22/tcp on 172.28.131.23\n\nDiscovered open port 50002/tcp on 172.28.131.102\n\nDiscovered open port 8080/tcp on 172.28.131.49\n\nDiscovered open port 445/tcp on 172.28.131.48\n\nDiscovered open port 445/tcp on 172.28.131.49\n\nDiscovered open port 135/tcp on 172.28.131.48\n\nDiscovered open port 135/tcp on 172.28.131.49\n\nDiscovered open port 3306/tcp on 172.28.131.49\n\nDiscovered open port 3389/tcp on 172.28.131.48\n\nDiscovered open port 3389/tcp on 172.28.131.49\n\nDiscovered open port 6001/tcp on 172.28.137.52\n\nDiscovered open port 6001/tcp on 172.28.131.102\n\nDiscovered open port 9200/tcp on 172.28.131.24\n\nDiscovered open port 49153/tcp on 172.28.135.223\n\nDiscovered open port 49153/tcp on 172.28.131.102\n\nDiscovered open port 49153/tcp on 172.28.136.153\n\nDiscovered open port 49153/tcp on 172.28.131.108\n\nDiscovered open port 49153/tcp on 172.28.190.131\n\nDiscovered open port 49153/tcp on 172.28.131.105\n\nDiscovered open port 49153/tcp on 172.28.190.133\n\nDiscovered open port 3031/tcp on 172.28.131.24\n\nDiscovered open port 8181/tcp on 172.28.131.49\n\nDiscovered open port 1007/tcp on 172.28.131.105\n\nDiscovered open port 8090/tcp on 172.28.131.24\n\nDiscovered open port 49152/tcp on 172.28.135.223\n\nDiscovered open port 49152/tcp on 172.28.131.102\n\nDiscovered open port 8000/tcp on 172.28.140.41\n\nDiscovered open port 49152/tcp on 172.28.136.153\n\nDiscovered open port 49152/tcp on 172.28.131.108\n\nDiscovered open port 8000/tcp on 172.28.131.23\n\nDiscovered open port 49152/tcp on 172.28.190.131\n\nDiscovered open port 49152/tcp on 172.28.190.133\n\nDiscovered open port 49152/tcp on 172.28.131.105\n\nDiscovered open port 13782/tcp on 172.28.137.52\n\nDiscovered open port 8081/tcp on 172.28.137.52\n\nDiscovered open port 8300/tcp on 172.28.140.41\n\nDiscovered open port 8300/tcp on 172.28.131.23\n\nDiscovered open port 49154/tcp on 172.28.135.223\n\nDiscovered open port 49154/tcp on 172.28.131.102\n\nDiscovered open port 49154/tcp on 172.28.136.153\n\nDiscovered open port 49154/tcp on 172.28.131.108\n\nDiscovered open port 49154/tcp on 172.28.190.131\n\nDiscovered open port 49154/tcp on 172.28.131.105\n\nDiscovered open port 49154/tcp on 172.28.190.133\n\nDiscovered open port 9080/tcp on 172.28.140.41\n\nDiscovered open port 9080/tcp on 172.28.131.23\n\nDiscovered open port 1433/tcp on 172.28.136.118\n\nDiscovered open port 1433/tcp on 172.28.131.105\n\nDiscovered open port 4045/tcp on 172.28.131.105\n\nDiscovered open port 49157/tcp on 172.28.190.131\n\nDiscovered open port 1010/tcp on 172.28.131.105\n\nDiscovered open port 2007/tcp on 172.28.131.105\n\nDiscovered open port 49159/tcp on 172.28.190.133\n\nDiscovered open port 9000/tcp on 172.28.140.45\n\nDiscovered open port 49155/tcp on 172.28.135.223\n\nDiscovered open port 9000/tcp on 172.28.140.43\n\nDiscovered open port 49155/tcp on 172.28.131.108\n\nDiscovered open port 49155/tcp on 172.28.190.131\n\nDiscovered open port 49155/tcp on 172.28.136.153\n\nDiscovered open port 49155/tcp on 172.28.190.133\n\nDiscovered open port 1011/tcp on 172.28.131.105\n\nDiscovered open port 81/tcp on 172.28.140.45\n\nDiscovered open port 3211/tcp on 172.28.137.52\n\nDiscovered open port 3211/tcp on 172.28.136.118\n\nDiscovered open port 9998/tcp on 172.28.131.105\n\nDiscovered open port 3301/tcp on 172.28.137.52\n\nDiscovered open port 902/tcp on 172.28.140.41\n\nDiscovered open port 902/tcp on 172.28.131.23\n\nDiscovered open port 3011/tcp on 172.28.131.24\n\nDiscovered open port 5432/tcp on 172.28.131.24\n\nCompleted SYN Stealth Scan against 172.28.137.52 in 7.99s (15 hosts left)\n\nCompleted SYN Stealth Scan against 172.28.140.45 in 8.04s (14 hosts left)\n\nCompleted SYN Stealth Scan against 172.28.131.102 in 8.04s (13 hosts left)\n\nCompleted SYN Stealth Scan against 172.28.131.24 in 8.08s (12 hosts left)\n\nCompleted SYN Stealth Scan against 172.28.140.43 in 8.08s (11 hosts left)\n\nCompleted SYN Stealth Scan against 172.28.136.118 in 8.10s (10 hosts left)\n\nCompleted SYN Stealth Scan against 172.28.135.223 in 8.10s (9 hosts left)\n\nCompleted SYN Stealth Scan against 172.28.131.105 in 8.11s (8 hosts left)\n\nCompleted SYN Stealth Scan against 172.28.131.108 in 8.11s (7 hosts left)\n\nCompleted SYN Stealth Scan against 172.28.190.131 in 8.11s (6 hosts left)\n\nCompleted SYN Stealth Scan against 172.28.190.133 in 8.13s (5 hosts left)\n\nCompleted SYN Stealth Scan against 172.28.136.153 in 8.13s (4 hosts left)\n\nDiscovered open port 5989/tcp on 172.28.140.41\n\nDiscovered open port 5989/tcp on 172.28.131.23\n\nDiscovered open port 427/tcp on 172.28.131.23\n\nDiscovered open port 4848/tcp on 172.28.131.49\n\nDiscovered open port 10001/tcp on 172.28.131.49\n\nCompleted SYN Stealth Scan against 172.28.140.41 in 9.25s (3 hosts left)\n\nCompleted SYN Stealth Scan against 172.28.131.23 in 9.27s (2 hosts left)\n\nCompleted SYN Stealth Scan against 172.28.131.48 in 9.27s (1 host left)\n\nCompleted SYN Stealth Scan at 21:28, 9.27s elapsed (16000 total ports)\n\nNmap scan report for 172.28.131.102\n\nHost is up (0.0038s latency).\n\nNot shown: 986 closed ports\n\nPORT      STATE SERVICE\n\n135/tcp   open  msrpc\n\n139/tcp   open  netbios-ssn\n\n443/tcp   open  https\n\n445/tcp   open  microsoft-ds\n\n3389/tcp  open  ms-wbt-server\n\n4000/tcp  open  remoteanything\n\n6001/tcp  open  X11:1\n\n6101/tcp  open  backupexec\n\n7000/tcp  open  afs3-fileserver\n\n27000/tcp open  flexlm0\n\n49152/tcp open  unknown\n\n49153/tcp open  unknown\n\n49154/tcp open  unknown\n\n50002/tcp open  iiimsf\n\n\n\nNmap scan report for 172.28.131.105\n\nHost is up (0.0042s latency).\n\nNot shown: 985 closed ports\n\nPORT      STATE SERVICE\n\n80/tcp    open  http\n\n135/tcp   open  msrpc\n\n139/tcp   open  netbios-ssn\n\n445/tcp   open  microsoft-ds\n\n1007/tcp  open  unknown\n\n1010/tcp  open  surf\n\n1011/tcp  open  unknown\n\n1433/tcp  open  ms-sql-s\n\n2007/tcp  open  dectalk\n\n3389/tcp  open  ms-wbt-server\n\n4045/tcp  open  lockd\n\n9998/tcp  open  distinct32\n\n49152/tcp open  unknown\n\n49153/tcp open  unknown\n\n49154/tcp open  unknown\n\n\n\nNmap scan report for 172.28.140.41\n\nHost is up (0.0056s latency).\n\nNot shown: 990 filtered ports\n\nPORT     STATE  SERVICE\n\n22/tcp   closed ssh\n\n80/tcp   open   http\n\n427/tcp  closed svrloc\n\n443/tcp  open   https\n\n902/tcp  open   iss-realsecure\n\n5988/tcp closed wbem-http\n\n5989/tcp open   wbem-https\n\n8000/tcp open   http-alt\n\n8300/tcp open   tmi\n\n9080/tcp open   glrpc\n\n\n\nNmap scan report for 172.28.140.43\n\nHost is up (0.0061s latency).\n\nNot shown: 998 closed ports\n\nPORT     STATE SERVICE\n\n22/tcp   open  ssh\n\n9000/tcp open  cslistener\n\n\n\nNmap scan report for 172.28.140.45\n\nHost is up (0.0039s latency).\n\nNot shown: 995 closed ports\n\nPORT     STATE SERVICE\n\n22/tcp   open  ssh\n\n81/tcp   open  hosts2-ns\n\n443/tcp  open  https\n\n8080/tcp open  http-proxy\n\n9000/tcp open  cslistener\n\n\n\nNmap scan report for 172.28.131.48\n\nHost is up (0.0070s latency).\n\nNot shown: 996 filtered ports\n\nPORT     STATE SERVICE\n\n135/tcp  open  msrpc\n\n139/tcp  open  netbios-ssn\n\n445/tcp  open  microsoft-ds\n\n3389/tcp open  ms-wbt-server\n\n\n\nNmap scan report for 172.28.131.49\n\nHost is up (0.0040s latency).\n\nNot shown: 991 filtered ports\n\nPORT      STATE SERVICE\n\n135/tcp   open  msrpc\n\n139/tcp   open  netbios-ssn\n\n445/tcp   open  microsoft-ds\n\n3306/tcp  open  mysql\n\n3389/tcp  open  ms-wbt-server\n\n4848/tcp  open  appserv-http\n\n8080/tcp  open  http-proxy\n\n8181/tcp  open  intermapper\n\n10001/tcp open  scp-config\n\n\n\nNmap scan report for 172.28.135.223\n\nHost is up (0.0050s latency).\n\nNot shown: 988 closed ports\n\nPORT      STATE SERVICE\n\n80/tcp    open  http\n\n135/tcp   open  msrpc\n\n139/tcp   open  netbios-ssn\n\n445/tcp   open  microsoft-ds\n\n3389/tcp  open  ms-wbt-server\n\n5800/tcp  open  vnc-http\n\n5900/tcp  open  vnc\n\n49152/tcp open  unknown\n\n49153/tcp open  unknown\n\n49154/tcp open  unknown\n\n49155/tcp open  unknown\n\n49156/tcp open  unknown\n\n\n\nNmap scan report for 172.28.131.108\n\nHost is up (0.0046s latency).\n\nNot shown: 992 closed ports\n\nPORT      STATE SERVICE\n\n135/tcp   open  msrpc\n\n139/tcp   open  netbios-ssn\n\n445/tcp   open  microsoft-ds\n\n3389/tcp  open  ms-wbt-server\n\n49152/tcp open  unknown\n\n49153/tcp open  unknown\n\n49154/tcp open  unknown\n\n49155/tcp open  unknown\n\n\n\nNmap scan report for 172.28.131.23\n\nHost is up (0.0057s latency).\n\nNot shown: 990 filtered ports\n\nPORT     STATE  SERVICE\n\n22/tcp   open   ssh\n\n80/tcp   open   http\n\n427/tcp  open   svrloc\n\n443/tcp  open   https\n\n902/tcp  open   iss-realsecure\n\n5988/tcp closed wbem-http\n\n5989/tcp open   wbem-https\n\n8000/tcp open   http-alt\n\n8300/tcp open   tmi\n\n9080/tcp open   glrpc\n\n\n\nNmap scan report for 172.28.131.24\n\nHost is up (0.0089s latency).\n\nNot shown: 990 closed ports\n\nPORT     STATE SERVICE\n\n22/tcp   open  ssh\n\n80/tcp   open  http\n\n443/tcp  open  https\n\n3011/tcp open  trusted-web\n\n3031/tcp open  eppc\n\n5432/tcp open  postgresql\n\n8080/tcp open  http-proxy\n\n8090/tcp open  opsmessaging\n\n9090/tcp open  zeus-admin\n\n9200/tcp open  wap-wsp\n\n\n\nNmap scan report for 172.28.136.118\n\nHost is up (0.0045s latency).\n\nNot shown: 993 closed ports\n\nPORT      STATE SERVICE\n\n135/tcp   open  msrpc\n\n139/tcp   open  netbios-ssn\n\n445/tcp   open  microsoft-ds\n\n1433/tcp  open  ms-sql-s\n\n3211/tcp  open  avsecuremgmt\n\n3389/tcp  open  ms-wbt-server\n\n65000/tcp open  unknown\n\n\n\nNmap scan report for 172.28.190.131\n\nHost is up (0.0048s latency).\n\nNot shown: 990 closed ports\n\nPORT      STATE SERVICE\n\n135/tcp   open  msrpc\n\n139/tcp   open  netbios-ssn\n\n445/tcp   open  microsoft-ds\n\n3389/tcp  open  ms-wbt-server\n\n49152/tcp open  unknown\n\n49153/tcp open  unknown\n\n49154/tcp open  unknown\n\n49155/tcp open  unknown\n\n49157/tcp open  unknown\n\n49167/tcp open  unknown\n\n\n\nNmap scan report for 172.28.190.133\n\nHost is up (0.0042s latency).\n\nNot shown: 988 closed ports\n\nPORT      STATE SERVICE\n\n80/tcp    open  http\n\n135/tcp   open  msrpc\n\n139/tcp   open  netbios-ssn\n\n443/tcp   open  https\n\n445/tcp   open  microsoft-ds\n\n3389/tcp  open  ms-wbt-server\n\n49152/tcp open  unknown\n\n49153/tcp open  unknown\n\n49154/tcp open  unknown\n\n49155/tcp open  unknown\n\n49159/tcp open  unknown\n\n65000/tcp open  unknown\n\n\n\nNmap scan report for 172.28.136.153\n\nHost is up (0.0040s latency).\n\nNot shown: 989 closed ports\n\nPORT      STATE SERVICE\n\n80/tcp    open  http\n\n135/tcp   open  msrpc\n\n139/tcp   open  netbios-ssn\n\n443/tcp   open  https\n\n445/tcp   open  microsoft-ds\n\n3389/tcp  open  ms-wbt-server\n\n49152/tcp open  unknown\n\n49153/tcp open  unknown\n\n49154/tcp open  unknown\n\n49155/tcp open  unknown\n\n49167/tcp open  unknown\n\n\n\nNmap scan report for 172.28.137.52\n\nHost is up (0.0053s latency).\n\nNot shown: 990 closed ports\n\nPORT      STATE SERVICE\n\n22/tcp    open  ssh\n\n111/tcp   open  rpcbind\n\n1556/tcp  open  veritas_pbx\n\n3211/tcp  open  avsecuremgmt\n\n3301/tcp  open  unknown\n\n6001/tcp  open  X11:1\n\n8000/tcp  open  http-alt\n\n8001/tcp  open  vcom-tunnel\n\n8081/tcp  open  blackice-icecap\n\n13782/tcp open  netbackup\n\n\n\nRead data files from: C:\Program Files (x86)\Nmap\n\nNmap done: 16 IP addresses (16 hosts up) scanned in 39.44 seconds\n\n           Raw packets sent: 20016 (880.408KB) | Rcvd: 13095 (635.784KB)\n\n",,up,ipv4,,172.28.131.102,,986,closed,tcp,135,syn-ack,open,128,table,3,msrpc,,,,,,,,,,,Mon Apr 04 21:28:22 2022,1649082502,0,16,16
,,,,,,,,,,,,,,,,,,,172.28.131.102,,,,tcp,139,syn-ack,open,128,table,3,netbios-ssn,,,,,,,,,,,,,,,
,,,,,,,,,,,,,,,,,,,172.28.131.102,,,,tcp,443,syn-ack,open,128,table,3,https,,,,,,,,,,,,,,,
,,,,,,,,,,,,,,,,,,,172.28.131.102,,,,tcp,445,syn-ack,open,128,table,3,microsoft-ds,,,,,,,,,,,,,,,
,,,,,,,,,,,,,,,,,,,172.28.131.102,,,,tcp,3389,syn-ack,open,128,table,3,ms-wbt-server,,,,,,,,,,,,,,,
,,,,,,,,,,,,,,,,,,,172.28.131.102,,,,tcp,4000,syn-ack,open,128,table,3,remoteanything,,,,,,,,,,,,,,,
,,,,,,,,,,,,,,,,,,,172.28.131.102,,,,tcp,6001,syn-ack,open,128,table,3,X11:1,,,,,,,,,,,,,,,
,,,,,,,,,,,,,,,,,,,172.28.131.102,,,,tcp,6101,syn-ack,open,128,table,3,backupexec,,,,,,,,,,,,,,,
,,,,,,,,,,,,,,,,,,,172.28.131.102,,,,tcp,7000,syn-ack,open,128,table,3,afs3-fileserver,,,,,,,,,,,,,,,
,,,,,,,,,,,,,,,,,,,172.28.131.102,,,,tcp,27000,syn-ack,open,128,table,3,flexlm0,,,,,,,,,,,,,,,
,,,,,,,,,,,,,,,,,,,172.28.131.102,,,,tcp,49152,syn-ack,open,128,table,3,unknown,,,,,,,,,,,,,,,
,,,,,,,,,,,,,,,,,,,172.28.131.102,,,,tcp,49153,syn-ack,open,128,table,3,unknown,,,,,,,,,,,,,,,
,,,,,,,,,,,,,,,,,,,172.28.131.102,,,,tcp,49154,syn-ack,open,128,table,3,unknown,,,,,,,,,,,,,,,
,,,,,,,,,,,,,,,,,,,172.28.131.102,,,,tcp,50002,syn-ack,open,128,table,3,iiimsf,,,,,,,,,,,,,,,
,,,,,,,,,,,,,,,,up,ipv4,,172.28.131.105,,985,closed,tcp,80,syn-ack,open,128,table,3,http,,,,,,,,,,,,,,,
,,,,,,,,,,,,,,,,,,,172.28.131.105,,,,tcp,135,syn-ack,open,128,table,3,msrpc,,,,,,,,,,,,,,,
,,,,,,,,,,,,,,,,,,,172.28.131.105,,,,tcp,139,syn-ack,open,128,table,3,netbios-ssn,,,,,,,,,,,,,,,
,,,,,,,,,,,,,,,,,,,172.28.131.105,,,,tcp,445,syn-ack,open,128,table,3,microsoft-ds,,,,,,,,,,,,,,,
,,,,,,,,,,,,,,,,,,,172.28.131.105,,,,tcp,1007,syn-ack,open,128,table,3,unknown,,,,,,,,,,,,,,,
,,,,,,,,,,,,,,,,,,,172.28.131.105,,,,tcp,1010,syn-ack,open,128,table,3,surf,,,,,,,,,,,,,,,
,,,,,,,,,,,,,,,,,,,172.28.131.105,,,,tcp,1011,syn-ack,open,128,table,3,unknown,,,,,,,,,,,,,,,
,,,,,,,,,,,,,,,,,,,172.28.131.105,,,,tcp,1433,syn-ack,open,128,table,3,ms-sql-s,,,,,,,,,,,,,,,
,,,,,,,,,,,,,,,,,,,172.28.131.105,,,,tcp,2007,syn-ack,open,128,table,3,dectalk,,,,,,,,,,,,,,,
,,,,,,,,,,,,,,,,,,,172.28.131.105,,,,tcp,3389,syn-ack,open,128,table,3,ms-wbt-server,,,,,,,,,,,,,,,
,,,,,,,,,,,,,,,,,,,172.28.131.105,,,,tcp,4045,syn-ack,open,128,table,3,lockd,,,,,,,,,,,,,,,
,,,,,,,,,,,,,,,,,,,172.28.131.105,,,,tcp,9998,syn-ack,open,128,table,3,distinct32,,,,,,,,,,,,,,,
,,,,,,,,,,,,,,,,,,,172.28.131.105,,,,tcp,49152,syn-ack,open,128,table,3,unknown,,,,,,,,,,,,,,,
,,,,,,,,,,,,,,,,,,,172.28.131.105,,,,tcp,49153,syn-ack,open,128,table,3,unknown,,,,,,,,,,,,,,,
,,,,,,,,,,,,,,,,,,,172.28.131.105,,,,tcp,49154,syn-ack,open,128,table,3,unknown,,,,,,,,,,,,,,,
,,,,,,,,,,,,,,,,up,ipv4,,172.28.140.41,,990,filtered,tcp,22,reset,closed,64,table,3,ssh,,,,,,,,,,,,,,,
,,,,,,,,,,,,,,,,,,,172.28.140.41,,,,tcp,80,syn-ack,open,64,table,3,http,,,,,,,,,,,,,,,
,,,,,,,,,,,,,,,,,,,172.28.140.41,,,,tcp,427,reset,closed,64,table,3,svrloc,,,,,,,,,,,,,,,
,,,,,,,,,,,,,,,,,,,172.28.140.41,,,,tcp,443,syn-ack,open,64,table,3,https,,,,,,,,,,,,,,,
,,,,,,,,,,,,,,,,,,,172.28.140.41,,,,tcp,902,syn-ack,open,64,table,3,iss-realsecure,,,,,,,,,,,,,,,
,,,,,,,,,,,,,,,,,,,172.28.140.41,,,,tcp,5988,reset,closed,64,table,3,wbem-http,,,,,,,,,,,,,,,
,,,,,,,,,,,,,,,,,,,172.28.140.41,,,,tcp,5989,syn-ack,open,64,table,3,wbem-https,,,,,,,,,,,,,,,
,,,,,,,,,,,,,,,,,,,172.28.140.41,,,,tcp,8000,syn-ack,open,64,table,3,http-alt,,,,,,,,,,,,,,,
,,,,,,,,,,,,,,,,,,,172.28.140.41,,,,tcp,8300,syn-ack,open,64,table,3,tmi,,,,,,,,,,,,,,,
,,,,,,,,,,,,,,,,,,,172.28.140.41,,,,tcp,9080,syn-ack,open,64,table,3,glrpc,,,,,,,,,,,,,,,
,,,,,,,,,,,,,,,,up,ipv4,,172.28.140.43,,998,closed,tcp,22,syn-ack,open,64,table,3,ssh,,,,,,,,,,,,,,,
,,,,,,,,,,,,,,,,,,,172.28.140.43,,,,tcp,9000,syn-ack,open,64,table,3,cslistener,,,,,,,,,,,,,,,
,,,,,,,,,,,,,,,,up,ipv4,,172.28.140.45,,995,closed,tcp,22,syn-ack,open,64,table,3,ssh,,,,,,,,,,,,,,,
,,,,,,,,,,,,,,,,,,,172.28.140.45,,,,tcp,81,syn-ack,open,64,table,3,hosts2-ns,,,,,,,,,,,,,,,
,,,,,,,,,,,,,,,,,,,172.28.140.45,,,,tcp,443,syn-ack,open,64,table,3,https,,,,,,,,,,,,,,,
,,,,,,,,,,,,,,,,,,,172.28.140.45,,,,tcp,8080,syn-ack,open,64,table,3,http-proxy,,,,,,,,,,,,,,,
,,,,,,,,,,,,,,,,,,,172.28.140.45,,,,tcp,9000,syn-ack,open,64,table,3,cslistener,,,,,,,,,,,,,,,
,,,,,,,,,,,,,,,,up,ipv4,,172.28.131.48,,996,filtered,tcp,135,syn-ack,open,128,table,3,msrpc,,,,,,,,,,,,,,,
,,,,,,,,,,,,,,,,,,,172.28.131.48,,,,tcp,139,syn-ack,open,128,table,3,netbios-ssn,,,,,,,,,,,,,,,
,,,,,,,,,,,,,,,,,,,172.28.131.48,,,,tcp,445,syn-ack,open,128,table,3,microsoft-ds,,,,,,,,,,,,,,,
,,,,,,,,,,,,,,,,,,,172.28.131.48,,,,tcp,3389,syn-ack,open,128,table,3,ms-wbt-server,,,,,,,,,,,,,,,
,,,,,,,,,,,,,,,,up,ipv4,,172.28.131.49,,991,filtered,tcp,135,syn-ack,open,128,table,3,msrpc,,,,,,,,,,,,,,,
,,,,,,,,,,,,,,,,,,,172.28.131.49,,,,tcp,139,syn-ack,open,128,table,3,netbios-ssn,,,,,,,,,,,,,,,
,,,,,,,,,,,,,,,,,,,172.28.131.49,,,,tcp,445,syn-ack,open,128,table,3,microsoft-ds,,,,,,,,,,,,,,,
,,,,,,,,,,,,,,,,,,,172.28.131.49,,,,tcp,3306,syn-ack,open,128,table,3,mysql,,,,,,,,,,,,,,,
,,,,,,,,,,,,,,,,,,,172.28.131.49,,,,tcp,3389,syn-ack,open,128,table,3,ms-wbt-server,,,,,,,,,,,,,,,
,,,,,,,,,,,,,,,,,,,172.28.131.49,,,,tcp,4848,syn-ack,open,128,table,3,appserv-http,,,,,,,,,,,,,,,
,,,,,,,,,,,,,,,,,,,172.28.131.49,,,,tcp,8080,syn-ack,open,128,table,3,http-proxy,,,,,,,,,,,,,,,
,,,,,,,,,,,,,,,,,,,172.28.131.49,,,,tcp,8181,syn-ack,open,128,table,3,intermapper,,,,,,,,,,,,,,,
,,,,,,,,,,,,,,,,,,,172.28.131.49,,,,tcp,10001,syn-ack,open,128,table,3,scp-config,,,,,,,,,,,,,,,
,,,,,,,,,,,,,,,,up,ipv4,,172.28.135.223,,988,closed,tcp,80,syn-ack,open,128,table,3,http,,,,,,,,,,,,,,,
,,,,,,,,,,,,,,,,,,,172.28.135.223,,,,tcp,135,syn-ack,open,128,table,3,msrpc,,,,,,,,,,,,,,,
,,,,,,,,,,,,,,,,,,,172.28.135.223,,,,tcp,139,syn-ack,open,128,table,3,netbios-ssn,,,,,,,,,,,,,,,
,,,,,,,,,,,,,,,,,,,172.28.135.223,,,,tcp,445,syn-ack,open,128,table,3,microsoft-ds,,,,,,,,,,,,,,,
,,,,,,,,,,,,,,,,,,,172.28.135.223,,,,tcp,3389,syn-ack,open,128,table,3,ms-wbt-server,,,,,,,,,,,,,,,
,,,,,,,,,,,,,,,,,,,172.28.135.223,,,,tcp,5800,syn-ack,open,128,table,3,vnc-http,,,,,,,,,,,,,,,
,,,,,,,,,,,,,,,,,,,172.28.135.223,,,,tcp,5900,syn-ack,open,128,table,3,vnc,,,,,,,,,,,,,,,
,,,,,,,,,,,,,,,,,,,172.28.135.223,,,,tcp,49152,syn-ack,open,128,table,3,unknown,,,,,,,,,,,,,,,
,,,,,,,,,,,,,,,,,,,172.28.135.223,,,,tcp,49153,syn-ack,open,128,table,3,unknown,,,,,,,,,,,,,,,
,,,,,,,,,,,,,,,,,,,172.28.135.223,,,,tcp,49154,syn-ack,open,128,table,3,unknown,,,,,,,,,,,,,,,
,,,,,,,,,,,,,,,,,,,172.28.135.223,,,,tcp,49155,syn-ack,open,128,table,3,unknown,,,,,,,,,,,,,,,
,,,,,,,,,,,,,,,,,,,172.28.135.223,,,,tcp,49156,syn-ack,open,128,table,3,unknown,,,,,,,,,,,,,,,
,,,,,,,,,,,,,,,,up,ipv4,,172.28.131.108,,992,closed,tcp,135,syn-ack,open,128,table,3,msrpc,,,,,,,,,,,,,,,
,,,,,,,,,,,,,,,,,,,172.28.131.108,,,,tcp,139,syn-ack,open,128,table,3,netbios-ssn,,,,,,,,,,,,,,,
,,,,,,,,,,,,,,,,,,,172.28.131.108,,,,tcp,445,syn-ack,open,128,table,3,microsoft-ds,,,,,,,,,,,,,,,
,,,,,,,,,,,,,,,,,,,172.28.131.108,,,,tcp,3389,syn-ack,open,128,table,3,ms-wbt-server,,,,,,,,,,,,,,,
,,,,,,,,,,,,,,,,,,,172.28.131.108,,,,tcp,49152,syn-ack,open,128,table,3,unknown,,,,,,,,,,,,,,,
,,,,,,,,,,,,,,,,,,,172.28.131.108,,,,tcp,49153,syn-ack,open,128,table,3,unknown,,,,,,,,,,,,,,,
,,,,,,,,,,,,,,,,,,,172.28.131.108,,,,tcp,49154,syn-ack,open,128,table,3,unknown,,,,,,,,,,,,,,,
,,,,,,,,,,,,,,,,,,,172.28.131.108,,,,tcp,49155,syn-ack,open,128,table,3,unknown,,,,,,,,,,,,,,,
,,,,,,,,,,,,,,,,up,ipv4,,172.28.131.23,,990,filtered,tcp,22,syn-ack,open,64,table,3,ssh,,,,,,,,,,,,,,,
,,,,,,,,,,,,,,,,,,,172.28.131.23,,,,tcp,80,syn-ack,open,64,table,3,http,,,,,,,,,,,,,,,
,,,,,,,,,,,,,,,,,,,172.28.131.23,,,,tcp,427,syn-ack,open,64,table,3,svrloc,,,,,,,,,,,,,,,
,,,,,,,,,,,,,,,,,,,172.28.131.23,,,,tcp,443,syn-ack,open,64,table,3,https,,,,,,,,,,,,,,,
,,,,,,,,,,,,,,,,,,,172.28.131.23,,,,tcp,902,syn-ack,open,64,table,3,iss-realsecure,,,,,,,,,,,,,,,
,,,,,,,,,,,,,,,,,,,172.28.131.23,,,,tcp,5988,reset,closed,64,table,3,wbem-http,,,,,,,,,,,,,,,
,,,,,,,,,,,,,,,,,,,172.28.131.23,,,,tcp,5989,syn-ack,open,64,table,3,wbem-https,,,,,,,,,,,,,,,
,,,,,,,,,,,,,,,,,,,172.28.131.23,,,,tcp,8000,syn-ack,open,64,table,3,http-alt,,,,,,,,,,,,,,,
,,,,,,,,,,,,,,,,,,,172.28.131.23,,,,tcp,8300,syn-ack,open,64,table,3,tmi,,,,,,,,,,,,,,,
,,,,,,,,,,,,,,,,,,,172.28.131.23,,,,tcp,9080,syn-ack,open,64,table,3,glrpc,,,,,,,,,,,,,,,
,,,,,,,,,,,,,,,,up,ipv4,,172.28.131.24,,990,closed,tcp,22,syn-ack,open,64,table,3,ssh,,,,,,,,,,,,,,,
,,,,,,,,,,,,,,,,,,,172.28.131.24,,,,tcp,80,syn-ack,open,63,table,3,http,,,,,,,,,,,,,,,
,,,,,,,,,,,,,,,,,,,172.28.131.24,,,,tcp,443,syn-ack,open,63,table,3,https,,,,,,,,,,,,,,,
,,,,,,,,,,,,,,,,,,,172.28.131.24,,,,tcp,3011,syn-ack,open,64,table,3,trusted-web,,,,,,,,,,,,,,,
,,,,,,,,,,,,,,,,,,,172.28.131.24,,,,tcp,3031,syn-ack,open,64,table,3,eppc,,,,,,,,,,,,,,,
,,,,,,,,,,,,,,,,,,,172.28.131.24,,,,tcp,5432,syn-ack,open,64,table,3,postgresql,,,,,,,,,,,,,,,
,,,,,,,,,,,,,,,,,,,172.28.131.24,,,,tcp,8080,syn-ack,open,63,table,3,http-proxy,,,,,,,,,,,,,,,
,,,,,,,,,,,,,,,,,,,172.28.131.24,,,,tcp,8090,syn-ack,open,63,table,3,opsmessaging,,,,,,,,,,,,,,,
,,,,,,,,,,,,,,,,,,,172.28.131.24,,,,tcp,9090,syn-ack,open,63,table,3,zeus-admin,,,,,,,,,,,,,,,
,,,,,,,,,,,,,,,,,,,172.28.131.24,,,,tcp,9200,syn-ack,open,63,table,3,wap-wsp,,,,,,,,,,,,,,,
,,,,,,,,,,,,,,,,up,ipv4,,172.28.136.118,,993,closed,tcp,135,syn-ack,open,128,table,3,msrpc,,,,,,,,,,,,,,,
,,,,,,,,,,,,,,,,,,,172.28.136.118,,,,tcp,139,syn-ack,open,128,table,3,netbios-ssn,,,,,,,,,,,,,,,
,,,,,,,,,,,,,,,,,,,172.28.136.118,,,,tcp,445,syn-ack,open,128,table,3,microsoft-ds,,,,,,,,,,,,,,,
,,,,,,,,,,,,,,,,,,,172.28.136.118,,,,tcp,1433,syn-ack,open,128,table,3,ms-sql-s,,,,,,,,,,,,,,,
,,,,,,,,,,,,,,,,,,,172.28.136.118,,,,tcp,3211,syn-ack,open,128,table,3,avsecuremgmt,,,,,,,,,,,,,,,
,,,,,,,,,,,,,,,,,,,172.28.136.118,,,,tcp,3389,syn-ack,open,128,table,3,ms-wbt-server,,,,,,,,,,,,,,,
,,,,,,,,,,,,,,,,,,,172.28.136.118,,,,tcp,65000,syn-ack,open,128,table,3,unknown,,,,,,,,,,,,,,,
,,,,,,,,,,,,,,,,up,ipv4,,172.28.190.131,,990,closed,tcp,135,syn-ack,open,126,table,3,msrpc,,,,,,,,,,,,,,,
,,,,,,,,,,,,,,,,,,,172.28.190.131,,,,tcp,139,syn-ack,open,126,table,3,netbios-ssn,,,,,,,,,,,,,,,
,,,,,,,,,,,,,,,,,,,172.28.190.131,,,,tcp,445,syn-ack,open,126,table,3,microsoft-ds,,,,,,,,,,,,,,,
,,,,,,,,,,,,,,,,,,,172.28.190.131,,,,tcp,3389,syn-ack,open,126,table,3,ms-wbt-server,,,,,,,,,,,,,,,
,,,,,,,,,,,,,,,,,,,172.28.190.131,,,,tcp,49152,syn-ack,open,126,table,3,unknown,,,,,,,,,,,,,,,
,,,,,,,,,,,,,,,,,,,172.28.190.131,,,,tcp,49153,syn-ack,open,126,table,3,unknown,,,,,,,,,,,,,,,
,,,,,,,,,,,,,,,,,,,172.28.190.131,,,,tcp,49154,syn-ack,open,126,table,3,unknown,,,,,,,,,,,,,,,
,,,,,,,,,,,,,,,,,,,172.28.190.131,,,,tcp,49155,syn-ack,open,126,table,3,unknown,,,,,,,,,,,,,,,
,,,,,,,,,,,,,,,,,,,172.28.190.131,,,,tcp,49157,syn-ack,open,126,table,3,unknown,,,,,,,,,,,,,,,
,,,,,,,,,,,,,,,,,,,172.28.190.131,,,,tcp,49167,syn-ack,open,126,table,3,unknown,,,,,,,,,,,,,,,
,,,,,,,,,,,,,,,,up,ipv4,,172.28.190.133,,988,closed,tcp,80,syn-ack,open,126,table,3,http,,,,,,,,,,,,,,,
,,,,,,,,,,,,,,,,,,,172.28.190.133,,,,tcp,135,syn-ack,open,126,table,3,msrpc,,,,,,,,,,,,,,,
,,,,,,,,,,,,,,,,,,,172.28.190.133,,,,tcp,139,syn-ack,open,126,table,3,netbios-ssn,,,,,,,,,,,,,,,
,,,,,,,,,,,,,,,,,,,172.28.190.133,,,,tcp,443,syn-ack,open,126,table,3,https,,,,,,,,,,,,,,,
,,,,,,,,,,,,,,,,,,,172.28.190.133,,,,tcp,445,syn-ack,open,126,table,3,microsoft-ds,,,,,,,,,,,,,,,
,,,,,,,,,,,,,,,,,,,172.28.190.133,,,,tcp,3389,syn-ack,open,126,table,3,ms-wbt-server,,,,,,,,,,,,,,,
,,,,,,,,,,,,,,,,,,,172.28.190.133,,,,tcp,49152,syn-ack,open,126,table,3,unknown,,,,,,,,,,,,,,,
,,,,,,,,,,,,,,,,,,,172.28.190.133,,,,tcp,49153,syn-ack,open,126,table,3,unknown,,,,,,,,,,,,,,,
,,,,,,,,,,,,,,,,,,,172.28.190.133,,,,tcp,49154,syn-ack,open,126,table,3,unknown,,,,,,,,,,,,,,,
,,,,,,,,,,,,,,,,,,,172.28.190.133,,,,tcp,49155,syn-ack,open,126,table,3,unknown,,,,,,,,,,,,,,,
,,,,,,,,,,,,,,,,,,,172.28.190.133,,,,tcp,49159,syn-ack,open,126,table,3,unknown,,,,,,,,,,,,,,,
,,,,,,,,,,,,,,,,,,,172.28.190.133,,,,tcp,65000,syn-ack,open,126,table,3,unknown,,,,,,,,,,,,,,,
,,,,,,,,,,,,,,,,up,ipv4,,172.28.136.153,,989,closed,tcp,80,syn-ack,open,128,table,3,http,,,,,,,,,,,,,,,
,,,,,,,,,,,,,,,,,,,172.28.136.153,,,,tcp,135,syn-ack,open,128,table,3,msrpc,,,,,,,,,,,,,,,
,,,,,,,,,,,,,,,,,,,172.28.136.153,,,,tcp,139,syn-ack,open,128,table,3,netbios-ssn,,,,,,,,,,,,,,,
,,,,,,,,,,,,,,,,,,,172.28.136.153,,,,tcp,443,syn-ack,open,128,table,3,https,,,,,,,,,,,,,,,
,,,,,,,,,,,,,,,,,,,172.28.136.153,,,,tcp,445,syn-ack,open,128,table,3,microsoft-ds,,,,,,,,,,,,,,,
,,,,,,,,,,,,,,,,,,,172.28.136.153,,,,tcp,3389,syn-ack,open,128,table,3,ms-wbt-server,,,,,,,,,,,,,,,
,,,,,,,,,,,,,,,,,,,172.28.136.153,,,,tcp,49152,syn-ack,open,128,table,3,unknown,,,,,,,,,,,,,,,
,,,,,,,,,,,,,,,,,,,172.28.136.153,,,,tcp,49153,syn-ack,open,128,table,3,unknown,,,,,,,,,,,,,,,
,,,,,,,,,,,,,,,,,,,172.28.136.153,,,,tcp,49154,syn-ack,open,128,table,3,unknown,,,,,,,,,,,,,,,
,,,,,,,,,,,,,,,,,,,172.28.136.153,,,,tcp,49155,syn-ack,open,128,table,3,unknown,,,,,,,,,,,,,,,
,,,,,,,,,,,,,,,,,,,172.28.136.153,,,,tcp,49167,syn-ack,open,128,table,3,unknown,,,,,,,,,,,,,,,
,,,,,,,,,,,,,,,,up,ipv4,,172.28.137.52,,990,closed,tcp,22,syn-ack,open,64,table,3,ssh,,,,,,,,,,,,,,,
,,,,,,,,,,,,,,,,,,,172.28.137.52,,,,tcp,111,syn-ack,open,255,table,3,rpcbind,,,,,,,,,,,,,,,
,,,,,,,,,,,,,,,,,,,172.28.137.52,,,,tcp,1556,syn-ack,open,64,table,3,veritas_pbx,,,,,,,,,,,,,,,
,,,,,,,,,,,,,,,,,,,172.28.137.52,,,,tcp,3211,syn-ack,open,64,table,3,avsecuremgmt,,,,,,,,,,,,,,,
,,,,,,,,,,,,,,,,,,,172.28.137.52,,,,tcp,3301,syn-ack,open,64,table,3,unknown,,,,,,,,,,,,,,,
,,,,,,,,,,,,,,,,,,,172.28.137.52,,,,tcp,6001,syn-ack,open,64,table,3,X11:1,,,,,,,,,,,,,,,
,,,,,,,,,,,,,,,,,,,172.28.137.52,,,,tcp,8000,syn-ack,open,64,table,3,http-alt,,,,,,,,,,,,,,,
,,,,,,,,,,,,,,,,,,,172.28.137.52,,,,tcp,8001,syn-ack,open,64,table,3,vcom-tunnel,,,,,,,,,,,,,,,
,,,,,,,,,,,,,,,,,,,172.28.137.52,,,,tcp,8081,syn-ack,open,64,table,3,blackice-icecap,,,,,,,,,,,,,,,
,,,,,,,,,,,,,,,,,,,172.28.137.52,,,,tcp,13782,syn-ack,open,64,table,3,netbackup,,,,,,,,,,,,,,,
1649085289,,1.04,nmap,7.91,Mon Apr 04 22:14:49 2022,nmap -T4 -v 172.28.136.111 172.28.136.141 172.28.137.112,"1,3-4,6-7,9,13,17,19-26,30,32-33,37,42-43,49,53,70,79-85,88-90,99-100,106,109-111,113,119,125,135,139,143-144,146,161,163,179,199,211-212,222,254-256,259,264,280,301,306,311,340,366,389,406-407,416-417,425,427,443-445,458,464-465,481,497,500,512-515,524,541,543-545,548,554-555,563,587,593,616-617,625,631,636,646,648,666-668,683,687,691,700,705,711,714,720,722,726,749,765,777,783,787,800-801,808,843,873,880,888,898,900-903,911-912,981,987,990,992-993,995,999-1002,1007,1009-1011,1021-1100,1102,1104-1108,1110-1114,1117,1119,1121-1124,1126,1130-1132,1137-1138,1141,1145,1147-1149,1151-1152,1154,1163-1166,1169,1174-1175,1183,1185-1187,1192,1198-1199,1201,1213,1216-1218,1233-1234,1236,1244,1247-1248,1259,1271-1272,1277,1287,1296,1300-1301,1309-1311,1322,1328,1334,1352,1417,1433-1434,1443,1455,1461,1494,1500-1501,1503,1521,1524,1533,1556,1580,1583,1594,1600,1641,1658,1666,1687-1688,1700,1717-1721,1723,1755,1761,1782-1783,1801,1805,1812,1839-1840,1862-1864,1875,1900,1914,1935,1947,1971-1972,1974,1984,1998-2010,2013,2020-2022,2030,2033-2035,2038,2040-2043,2045-2049,2065,2068,2099-2100,2103,2105-2107,2111,2119,2121,2126,2135,2144,2160-2161,2170,2179,2190-2191,2196,2200,2222,2251,2260,2288,2301,2323,2366,2381-2383,2393-2394,2399,2401,2492,2500,2522,2525,2557,2601-2602,2604-2605,2607-2608,2638,2701-2702,2710,2717-2718,2725,2800,2809,2811,2869,2875,2909-2910,2920,2967-2968,2998,3000-3001,3003,3005-3007,3011,3013,3017,3030-3031,3052,3071,3077,3128,3168,3211,3221,3260-3261,3268-3269,3283,3300-3301,3306,3322-3325,3333,3351,3367,3369-3372,3389-3390,3404,3476,3493,3517,3527,3546,3551,3580,3659,3689-3690,3703,3737,3766,3784,3800-3801,3809,3814,3826-3828,3851,3869,3871,3878,3880,3889,3905,3914,3918,3920,3945,3971,3986,3995,3998,4000-4006,4045,4111,4125-4126,4129,4224,4242,4279,4321,4343,4443-4446,4449,4550,4567,4662,4848,4899-4900,4998,5000-5004,5009,5030,5033,5050-5051,5054,5060-5061,5080,5087,5100-5102,5120,5190,5200,5214,5221-5222,5225-5226,5269,5280,5298,5357,5405,5414,5431-5432,5440,5500,5510,5544,5550,5555,5560,5566,5631,5633,5666,5678-5679,5718,5730,5800-5802,5810-5811,5815,5822,5825,5850,5859,5862,5877,5900-5904,5906-5907,5910-5911,5915,5922,5925,5950,5952,5959-5963,5987-5989,5998-6007,6009,6025,6059,6100-6101,6106,6112,6123,6129,6156,6346,6389,6502,6510,6543,6547,6565-6567,6580,6646,6666-6669,6689,6692,6699,6779,6788-6789,6792,6839,6881,6901,6969,7000-7002,7004,7007,7019,7025,7070,7100,7103,7106,7200-7201,7402,7435,7443,7496,7512,7625,7627,7676,7741,7777-7778,7800,7911,7920-7921,7937-7938,7999-8002,8007-8011,8021-8022,8031,8042,8045,8080-8090,8093,8099-8100,8180-8181,8192-8194,8200,8222,8254,8290-8292,8300,8333,8383,8400,8402,8443,8500,8600,8649,8651-8652,8654,8701,8800,8873,8888,8899,8994,9000-9003,9009-9011,9040,9050,9071,9080-9081,9090-9091,9099-9103,9110-9111,9200,9207,9220,9290,9415,9418,9485,9500,9502-9503,9535,9575,9593-9595,9618,9666,9876-9878,9898,9900,9917,9929,9943-9944,9968,9998-10004,10009-10010,10012,10024-10025,10082,10180,10215,10243,10566,10616-10617,10621,10626,10628-10629,10778,11110-11111,11967,12000,12174,12265,12345,13456,13722,13782-13783,14000,14238,14441-14442,15000,15002-15004,15660,15742,16000-16001,16012,16016,16018,16080,16113,16992-16993,17877,17988,18040,18101,18988,19101,19283,19315,19350,19780,19801,19842,20000,20005,20031,20221-20222,20828,21571,22939,23502,24444,24800,25734-25735,26214,27000,27352-27353,27355-27356,27715,28201,30000,30718,30951,31038,31337,32768-32785,33354,33899,34571-34573,35500,38292,40193,40911,41511,42510,44176,44442-44443,44501,45100,48080,49152-49161,49163,49165,49167,49175-49176,49400,49999-50003,50006,50300,50389,50500,50636,50800,51103,51493,52673,52822,52848,52869,54045,54328,55055-55056,55555,55600,56737-56738,57294,57797,58080,60020,60443,61532,61900,62078,63331,64623,64680,65000,65129,65389",tcp,1000,syn,1,0,interactive,"Starting Nmap 7.91 ( https://nmap.org ) at 2022-04-04 22:14 SE Asia Standard Time\n\nInitiating Ping Scan at 22:14\n\nScanning 3 hosts [4 ports/host]\n\nCompleted Ping Scan at 22:14, 1.33s elapsed (3 total hosts)\n\nInitiating Parallel DNS resolution of 3 hosts. at 22:14\n\nCompleted Parallel DNS resolution of 3 hosts. at 22:15, 13.02s elapsed\n\nInitiating SYN Stealth Scan at 22:15\n\nScanning 3 hosts [1000 ports/host]\n\nDiscovered open port 135/tcp on 172.28.136.141\n\nDiscovered open port 135/tcp on 172.28.136.111\n\nDiscovered open port 22/tcp on 172.28.137.112\n\nDiscovered open port 445/tcp on 172.28.136.141\n\nDiscovered open port 445/tcp on 172.28.136.111\n\nDiscovered open port 139/tcp on 172.28.136.141\n\nDiscovered open port 139/tcp on 172.28.136.111\n\nDiscovered open port 3389/tcp on 172.28.137.112\n\nDiscovered open port 3389/tcp on 172.28.136.141\n\nDiscovered open port 3389/tcp on 172.28.136.111\n\nDiscovered open port 49155/tcp on 172.28.136.111\n\nDiscovered open port 1556/tcp on 172.28.136.111\n\nDiscovered open port 1556/tcp on 172.28.137.112\n\nDiscovered open port 49153/tcp on 172.28.136.111\n\nDiscovered open port 49154/tcp on 172.28.136.111\n\nDiscovered open port 2500/tcp on 172.28.136.111\n\nDiscovered open port 49152/tcp on 172.28.136.111\n\nDiscovered open port 49167/tcp on 172.28.136.111\n\nDiscovered open port 65000/tcp on 172.28.136.111\n\nDiscovered open port 13782/tcp on 172.28.137.112\n\nDiscovered open port 13782/tcp on 172.28.136.111\n\nCompleted SYN Stealth Scan against 172.28.136.111 in 0.85s (2 hosts left)\n\nCompleted SYN Stealth Scan against 172.28.137.112 in 0.85s (1 host left)\n\nCompleted SYN Stealth Scan at 22:15, 0.85s elapsed (3000 total ports)\n\nNmap scan report for 172.28.136.111\n\nHost is up (0.0023s latency).\n\nNot shown: 987 closed ports\n\nPORT      STATE SERVICE\n\n135/tcp   open  msrpc\n\n139/tcp   open  netbios-ssn\n\n445/tcp   open  microsoft-ds\n\n1556/tcp  open  veritas_pbx\n\n2500/tcp  open  rtsserv\n\n3389/tcp  open  ms-wbt-server\n\n13782/tcp open  netbackup\n\n49152/tcp open  unknown\n\n49153/tcp open  unknown\n\n49154/tcp open  unknown\n\n49155/tcp open  unknown\n\n49167/tcp open  unknown\n\n65000/tcp open  unknown\n\n\n\nNmap scan report for 172.28.136.141\n\nHost is up (0.0025s latency).\n\nNot shown: 996 closed ports\n\nPORT     STATE SERVICE\n\n135/tcp  open  msrpc\n\n139/tcp  open  netbios-ssn\n\n445/tcp  open  microsoft-ds\n\n3389/tcp open  ms-wbt-server\n\n\n\nNmap scan report for 172.28.137.112\n\nHost is up (0.0022s latency).\n\nNot shown: 996 closed ports\n\nPORT      STATE SERVICE\n\n22/tcp    open  ssh\n\n1556/tcp  open  veritas_pbx\n\n3389/tcp  open  ms-wbt-server\n\n13782/tcp open  netbackup\n\n\n\nRead data files from: C:\Program Files (x86)\Nmap\n\nNmap done: 3 IP addresses (3 hosts up) scanned in 17.42 seconds\n\n           Raw packets sent: 3009 (132.332KB) | Rcvd: 3004 (120.208KB)\n\n",,up,ipv4,,172.28.136.111,,987,closed,tcp,135,syn-ack,open,128,table,3,msrpc,,,,,,,,,,,Mon Apr 04 22:15:05 2022,1649085305,0,3,3
,,,,,,,,,,,,,,,,,,,172.28.136.111,,,,tcp,139,syn-ack,open,128,table,3,netbios-ssn,,,,,,,,,,,,,,,
,,,,,,,,,,,,,,,,,,,172.28.136.111,,,,tcp,445,syn-ack,open,128,table,3,microsoft-ds,,,,,,,,,,,,,,,
,,,,,,,,,,,,,,,,,,,172.28.136.111,,,,tcp,1556,syn-ack,open,128,table,3,veritas_pbx,,,,,,,,,,,,,,,
,,,,,,,,,,,,,,,,,,,172.28.136.111,,,,tcp,2500,syn-ack,open,128,table,3,rtsserv,,,,,,,,,,,,,,,
,,,,,,,,,,,,,,,,,,,172.28.136.111,,,,tcp,3389,syn-ack,open,128,table,3,ms-wbt-server,,,,,,,,,,,,,,,
,,,,,,,,,,,,,,,,,,,172.28.136.111,,,,tcp,13782,syn-ack,open,128,table,3,netbackup,,,,,,,,,,,,,,,
,,,,,,,,,,,,,,,,,,,172.28.136.111,,,,tcp,49152,syn-ack,open,128,table,3,unknown,,,,,,,,,,,,,,,
,,,,,,,,,,,,,,,,,,,172.28.136.111,,,,tcp,49153,syn-ack,open,128,table,3,unknown,,,,,,,,,,,,,,,
,,,,,,,,,,,,,,,,,,,172.28.136.111,,,,tcp,49154,syn-ack,open,128,table,3,unknown,,,,,,,,,,,,,,,
,,,,,,,,,,,,,,,,,,,172.28.136.111,,,,tcp,49155,syn-ack,open,128,table,3,unknown,,,,,,,,,,,,,,,
,,,,,,,,,,,,,,,,,,,172.28.136.111,,,,tcp,49167,syn-ack,open,128,table,3,unknown,,,,,,,,,,,,,,,
,,,,,,,,,,,,,,,,,,,172.28.136.111,,,,tcp,65000,syn-ack,open,128,table,3,unknown,,,,,,,,,,,,,,,
,,,,,,,,,,,,,,,,up,ipv4,,172.28.136.141,,996,closed,tcp,135,syn-ack,open,128,table,3,msrpc,,,,,,,,,,,,,,,
,,,,,,,,,,,,,,,,,,,172.28.136.141,,,,tcp,139,syn-ack,open,128,table,3,netbios-ssn,,,,,,,,,,,,,,,
,,,,,,,,,,,,,,,,,,,172.28.136.141,,,,tcp,445,syn-ack,open,128,table,3,microsoft-ds,,,,,,,,,,,,,,,
,,,,,,,,,,,,,,,,,,,172.28.136.141,,,,tcp,3389,syn-ack,open,128,table,3,ms-wbt-server,,,,,,,,,,,,,,,
,,,,,,,,,,,,,,,,up,ipv4,,172.28.137.112,,996,closed,tcp,22,syn-ack,open,64,table,3,ssh,,,,,,,,,,,,,,,
,,,,,,,,,,,,,,,,,,,172.28.137.112,,,,tcp,1556,syn-ack,open,64,table,3,veritas_pbx,,,,,,,,,,,,,,,
,,,,,,,,,,,,,,,,,,,172.28.137.112,,,,tcp,3389,syn-ack,open,64,table,3,ms-wbt-server,,,,,,,,,,,,,,,
,,,,,,,,,,,,,,,,,,,172.28.137.112,,,,tcp,13782,syn-ack,open,64,table,3,netbackup,,,,,,,,,,,,,,,
1649077073,,1.04,nmap,7.91,Mon Apr 04 19:57:53 2022,nmap -T4 -v 172.28.190.153 172.28.190.139 172.28.130.35 172.28.130.37 172.28.130.33 172.28.130.190 172.28.130.128 172.28.135.188 172.28.135.189 172.28.188.167 172.28.188.168,"1,3-4,6-7,9,13,17,19-26,30,32-33,37,42-43,49,53,70,79-85,88-90,99-100,106,109-111,113,119,125,135,139,143-144,146,161,163,179,199,211-212,222,254-256,259,264,280,301,306,311,340,366,389,406-407,416-417,425,427,443-445,458,464-465,481,497,500,512-515,524,541,543-545,548,554-555,563,587,593,616-617,625,631,636,646,648,666-668,683,687,691,700,705,711,714,720,722,726,749,765,777,783,787,800-801,808,843,873,880,888,898,900-903,911-912,981,987,990,992-993,995,999-1002,1007,1009-1011,1021-1100,1102,1104-1108,1110-1114,1117,1119,1121-1124,1126,1130-1132,1137-1138,1141,1145,1147-1149,1151-1152,1154,1163-1166,1169,1174-1175,1183,1185-1187,1192,1198-1199,1201,1213,1216-1218,1233-1234,1236,1244,1247-1248,1259,1271-1272,1277,1287,1296,1300-1301,1309-1311,1322,1328,1334,1352,1417,1433-1434,1443,1455,1461,1494,1500-1501,1503,1521,1524,1533,1556,1580,1583,1594,1600,1641,1658,1666,1687-1688,1700,1717-1721,1723,1755,1761,1782-1783,1801,1805,1812,1839-1840,1862-1864,1875,1900,1914,1935,1947,1971-1972,1974,1984,1998-2010,2013,2020-2022,2030,2033-2035,2038,2040-2043,2045-2049,2065,2068,2099-2100,2103,2105-2107,2111,2119,2121,2126,2135,2144,2160-2161,2170,2179,2190-2191,2196,2200,2222,2251,2260,2288,2301,2323,2366,2381-2383,2393-2394,2399,2401,2492,2500,2522,2525,2557,2601-2602,2604-2605,2607-2608,2638,2701-2702,2710,2717-2718,2725,2800,2809,2811,2869,2875,2909-2910,2920,2967-2968,2998,3000-3001,3003,3005-3007,3011,3013,3017,3030-3031,3052,3071,3077,3128,3168,3211,3221,3260-3261,3268-3269,3283,3300-3301,3306,3322-3325,3333,3351,3367,3369-3372,3389-3390,3404,3476,3493,3517,3527,3546,3551,3580,3659,3689-3690,3703,3737,3766,3784,3800-3801,3809,3814,3826-3828,3851,3869,3871,3878,3880,3889,3905,3914,3918,3920,3945,3971,3986,3995,3998,4000-4006,4045,4111,4125-4126,4129,4224,4242,4279,4321,4343,4443-4446,4449,4550,4567,4662,4848,4899-4900,4998,5000-5004,5009,5030,5033,5050-5051,5054,5060-5061,5080,5087,5100-5102,5120,5190,5200,5214,5221-5222,5225-5226,5269,5280,5298,5357,5405,5414,5431-5432,5440,5500,5510,5544,5550,5555,5560,5566,5631,5633,5666,5678-5679,5718,5730,5800-5802,5810-5811,5815,5822,5825,5850,5859,5862,5877,5900-5904,5906-5907,5910-5911,5915,5922,5925,5950,5952,5959-5963,5987-5989,5998-6007,6009,6025,6059,6100-6101,6106,6112,6123,6129,6156,6346,6389,6502,6510,6543,6547,6565-6567,6580,6646,6666-6669,6689,6692,6699,6779,6788-6789,6792,6839,6881,6901,6969,7000-7002,7004,7007,7019,7025,7070,7100,7103,7106,7200-7201,7402,7435,7443,7496,7512,7625,7627,7676,7741,7777-7778,7800,7911,7920-7921,7937-7938,7999-8002,8007-8011,8021-8022,8031,8042,8045,8080-8090,8093,8099-8100,8180-8181,8192-8194,8200,8222,8254,8290-8292,8300,8333,8383,8400,8402,8443,8500,8600,8649,8651-8652,8654,8701,8800,8873,8888,8899,8994,9000-9003,9009-9011,9040,9050,9071,9080-9081,9090-9091,9099-9103,9110-9111,9200,9207,9220,9290,9415,9418,9485,9500,9502-9503,9535,9575,9593-9595,9618,9666,9876-9878,9898,9900,9917,9929,9943-9944,9968,9998-10004,10009-10010,10012,10024-10025,10082,10180,10215,10243,10566,10616-10617,10621,10626,10628-10629,10778,11110-11111,11967,12000,12174,12265,12345,13456,13722,13782-13783,14000,14238,14441-14442,15000,15002-15004,15660,15742,16000-16001,16012,16016,16018,16080,16113,16992-16993,17877,17988,18040,18101,18988,19101,19283,19315,19350,19780,19801,19842,20000,20005,20031,20221-20222,20828,21571,22939,23502,24444,24800,25734-25735,26214,27000,27352-27353,27355-27356,27715,28201,30000,30718,30951,31038,31337,32768-32785,33354,33899,34571-34573,35500,38292,40193,40911,41511,42510,44176,44442-44443,44501,45100,48080,49152-49161,49163,49165,49167,49175-49176,49400,49999-50003,50006,50300,50389,50500,50636,50800,51103,51493,52673,52822,52848,52869,54045,54328,55055-55056,55555,55600,56737-56738,57294,57797,58080,60020,60443,61532,61900,62078,63331,64623,64680,65000,65129,65389",tcp,1000,syn,1,0,interactive,"Starting Nmap 7.91 ( https://nmap.org ) at 2022-04-04 19:57 SE Asia Standard Time\n\nInitiating Ping Scan at 19:57\n\nScanning 11 hosts [4 ports/host]\n\nCompleted Ping Scan at 19:57, 1.69s elapsed (11 total hosts)\n\nInitiating Parallel DNS resolution of 11 hosts. at 19:57\n\nCompleted Parallel DNS resolution of 11 hosts. at 19:58, 26.06s elapsed\n\nInitiating SYN Stealth Scan at 19:58\n\nScanning 11 hosts [1000 ports/host]\n\nDiscovered open port 139/tcp on 172.28.130.35\n\nDiscovered open port 139/tcp on 172.28.130.190\n\nDiscovered open port 139/tcp on 172.28.135.189\n\nDiscovered open port 139/tcp on 172.28.130.128\n\nDiscovered open port 139/tcp on 172.28.130.37\n\nDiscovered open port 139/tcp on 172.28.130.33\n\nDiscovered open port 135/tcp on 172.28.130.128\n\nDiscovered open port 135/tcp on 172.28.130.37\n\nDiscovered open port 135/tcp on 172.28.130.190\n\nDiscovered open port 135/tcp on 172.28.130.35\n\nDiscovered open port 135/tcp on 172.28.130.33\n\nDiscovered open port 135/tcp on 172.28.135.189\n\nDiscovered open port 25/tcp on 172.28.130.35\n\nDiscovered open port 587/tcp on 172.28.130.35\n\nDiscovered open port 3389/tcp on 172.28.130.128\n\nDiscovered open port 3389/tcp on 172.28.130.35\n\nDiscovered open port 3389/tcp on 172.28.130.190\n\nDiscovered open port 3389/tcp on 172.28.135.189\n\nDiscovered open port 3389/tcp on 172.28.130.33\n\nDiscovered open port 8080/tcp on 172.28.130.190\n\nDiscovered open port 80/tcp on 172.28.130.35\n\nDiscovered open port 80/tcp on 172.28.130.190\n\nDiscovered open port 21/tcp on 172.28.130.128\n\nDiscovered open port 445/tcp on 172.28.130.35\n\nDiscovered open port 445/tcp on 172.28.130.128\n\nDiscovered open port 445/tcp on 172.28.130.190\n\nDiscovered open port 445/tcp on 172.28.135.189\n\nDiscovered open port 445/tcp on 172.28.130.33\n\nDiscovered open port 443/tcp on 172.28.130.35\n\nDiscovered open port 53/tcp on 172.28.130.33\n\nDiscovered open port 443/tcp on 172.28.130.190\n\nDiscovered open port 3828/tcp on 172.28.130.35\n\nDiscovered open port 464/tcp on 172.28.130.33\n\nDiscovered open port 3268/tcp on 172.28.130.33\n\nDiscovered open port 8443/tcp on 172.28.130.190\n\nDiscovered open port 5001/tcp on 172.28.130.190\n\nDiscovered open port 6001/tcp on 172.28.130.35\n\nDiscovered open port 2103/tcp on 172.28.130.35\n\nDiscovered open port 3800/tcp on 172.28.130.35\n\nDiscovered open port 1433/tcp on 172.28.130.190\n\nDiscovered open port 1433/tcp on 172.28.135.189\n\nDiscovered open port 8010/tcp on 172.28.130.190\n\nDiscovered open port 81/tcp on 172.28.130.35\n\nDiscovered open port 49152/tcp on 172.28.130.190\n\nDiscovered open port 49152/tcp on 172.28.135.189\n\nDiscovered open port 1801/tcp on 172.28.130.35\n\nDiscovered open port 3269/tcp on 172.28.130.33\n\nDiscovered open port 2107/tcp on 172.28.130.35\n\nDiscovered open port 9090/tcp on 172.28.130.190\n\nDiscovered open port 636/tcp on 172.28.130.33\n\nDiscovered open port 9010/tcp on 172.28.130.35\n\nDiscovered open port 49155/tcp on 172.28.135.189\n\nDiscovered open port 2105/tcp on 172.28.130.35\n\nDiscovered open port 8081/tcp on 172.28.130.190\n\nDiscovered open port 3801/tcp on 172.28.130.35\n\nDiscovered open port 13782/tcp on 172.28.130.35\n\nDiscovered open port 465/tcp on 172.28.130.35\n\nDiscovered open port 8009/tcp on 172.28.130.190\n\nDiscovered open port 49153/tcp on 172.28.130.190\n\nDiscovered open port 49153/tcp on 172.28.135.189\n\nDiscovered open port 2525/tcp on 172.28.130.35\n\nDiscovered open port 2020/tcp on 172.28.130.128\n\nDiscovered open port 88/tcp on 172.28.130.35\n\nDiscovered open port 88/tcp on 172.28.130.33\n\nDiscovered open port 135/tcp on 172.28.190.153\n\nDiscovered open port 22/tcp on 172.28.188.168\n\nDiscovered open port 25/tcp on 172.28.130.37\n\nDiscovered open port 587/tcp on 172.28.130.37\n\nDiscovered open port 22/tcp on 172.28.188.167\n\nDiscovered open port 22/tcp on 172.28.135.188\n\nDiscovered open port 3389/tcp on 172.28.130.37\n\nDiscovered open port 3389/tcp on 172.28.190.153\n\nDiscovered open port 80/tcp on 172.28.130.37\n\nDiscovered open port 1556/tcp on 172.28.130.35\n\nDiscovered open port 445/tcp on 172.28.130.37\n\nDiscovered open port 49154/tcp on 172.28.135.189\n\nDiscovered open port 49154/tcp on 172.28.130.190\n\nDiscovered open port 443/tcp on 172.28.130.37\n\nDiscovered open port 808/tcp on 172.28.130.35\n\nDiscovered open port 3389/tcp on 172.28.190.139\n\nDiscovered open port 80/tcp on 172.28.190.139\n\nDiscovered open port 6667/tcp on 172.28.130.35\n\nDiscovered open port 389/tcp on 172.28.130.33\n\nDiscovered open port 443/tcp on 172.28.190.139\n\nDiscovered open port 2021/tcp on 172.28.130.128\n\nDiscovered open port 443/tcp on 172.28.188.168\n\nDiscovered open port 443/tcp on 172.28.190.153\n\nDiscovered open port 443/tcp on 172.28.188.167\n\nDiscovered open port 444/tcp on 172.28.130.35\n\nDiscovered open port 49167/tcp on 172.28.135.189\n\nDiscovered open port 593/tcp on 172.28.130.33\n\nDiscovered open port 593/tcp on 172.28.130.35\n\nDiscovered open port 6001/tcp on 172.28.130.37\n\nDiscovered open port 6000/tcp on 172.28.130.128\n\nCompleted SYN Stealth Scan against 172.28.135.189 in 2.31s (10 hosts left)\n\nCompleted SYN Stealth Scan against 172.28.130.190 in 2.31s (9 hosts left)\n\nCompleted SYN Stealth Scan against 172.28.130.128 in 2.34s (8 hosts left)\n\nCompleted SYN Stealth Scan against 172.28.130.33 in 2.36s (7 hosts left)\n\nCompleted SYN Stealth Scan against 172.28.130.35 in 2.37s (6 hosts left)\n\nDiscovered open port 2103/tcp on 172.28.130.37\n\nDiscovered open port 81/tcp on 172.28.130.37\n\nDiscovered open port 1801/tcp on 172.28.130.37\n\nDiscovered open port 2107/tcp on 172.28.130.37\n\nDiscovered open port 5357/tcp on 172.28.190.153\n\nDiscovered open port 2105/tcp on 172.28.130.37\n\nDiscovered open port 13782/tcp on 172.28.130.37\n\nDiscovered open port 465/tcp on 172.28.130.37\n\nDiscovered open port 2525/tcp on 172.28.130.37\n\nDiscovered open port 8000/tcp on 172.28.135.188\n\nDiscovered open port 1556/tcp on 172.28.130.37\n\nDiscovered open port 808/tcp on 172.28.130.37\n\nDiscovered open port 6646/tcp on 172.28.130.37\n\nDiscovered open port 444/tcp on 172.28.130.37\n\nDiscovered open port 6881/tcp on 172.28.130.37\n\nDiscovered open port 593/tcp on 172.28.130.37\n\nCompleted SYN Stealth Scan against 172.28.190.139 in 9.35s (5 hosts left)\n\nCompleted SYN Stealth Scan against 172.28.130.37 in 9.41s (4 hosts left)\n\nCompleted SYN Stealth Scan against 172.28.190.153 in 9.52s (3 hosts left)\n\nCompleted SYN Stealth Scan against 172.28.188.167 in 9.52s (2 hosts left)\n\nCompleted SYN Stealth Scan against 172.28.188.168 in 9.52s (1 host left)\n\nCompleted SYN Stealth Scan at 19:58, 9.52s elapsed (11000 total ports)\n\nNmap scan report for 172.28.190.153\n\nHost is up (0.0059s latency).\n\nNot shown: 996 filtered ports\n\nPORT     STATE SERVICE\n\n135/tcp  open  msrpc\n\n443/tcp  open  https\n\n3389/tcp open  ms-wbt-server\n\n5357/tcp open  wsdapi\n\n\n\nNmap scan report for 172.28.190.139\n\nHost is up (0.0045s latency).\n\nNot shown: 997 filtered ports\n\nPORT     STATE SERVICE\n\n80/tcp   open  http\n\n443/tcp  open  https\n\n3389/tcp open  ms-wbt-server\n\n\n\nNmap scan report for 172.28.130.35\n\nHost is up (0.0022s latency).\n\nNot shown: 973 closed ports\n\nPORT      STATE SERVICE\n\n25/tcp    open  smtp\n\n80/tcp    open  http\n\n81/tcp    open  hosts2-ns\n\n88/tcp    open  kerberos-sec\n\n135/tcp   open  msrpc\n\n139/tcp   open  netbios-ssn\n\n443/tcp   open  https\n\n444/tcp   open  snpp\n\n445/tcp   open  microsoft-ds\n\n465/tcp   open  smtps\n\n587/tcp   open  submission\n\n593/tcp   open  http-rpc-epmap\n\n808/tcp   open  ccproxy-http\n\n1556/tcp  open  veritas_pbx\n\n1801/tcp  open  msmq\n\n2103/tcp  open  zephyr-clt\n\n2105/tcp  open  eklogin\n\n2107/tcp  open  msmq-mgmt\n\n2525/tcp  open  ms-v-worlds\n\n3389/tcp  open  ms-wbt-server\n\n3800/tcp  open  pwgpsi\n\n3801/tcp  open  ibm-mgr\n\n3828/tcp  open  neteh\n\n6001/tcp  open  X11:1\n\n6667/tcp  open  irc\n\n9010/tcp  open  sdr\n\n13782/tcp open  netbackup\n\n\n\nNmap scan report for 172.28.130.37\n\nHost is up (0.0022s latency).\n\nNot shown: 977 filtered ports\n\nPORT      STATE SERVICE\n\n25/tcp    open  smtp\n\n80/tcp    open  http\n\n81/tcp    open  hosts2-ns\n\n135/tcp   open  msrpc\n\n139/tcp   open  netbios-ssn\n\n443/tcp   open  https\n\n444/tcp   open  snpp\n\n445/tcp   open  microsoft-ds\n\n465/tcp   open  smtps\n\n587/tcp   open  submission\n\n593/tcp   open  http-rpc-epmap\n\n808/tcp   open  ccproxy-http\n\n1556/tcp  open  veritas_pbx\n\n1801/tcp  open  msmq\n\n2103/tcp  open  zephyr-clt\n\n2105/tcp  open  eklogin\n\n2107/tcp  open  msmq-mgmt\n\n2525/tcp  open  ms-v-worlds\n\n3389/tcp  open  ms-wbt-server\n\n6001/tcp  open  X11:1\n\n6646/tcp  open  unknown\n\n6881/tcp  open  bittorrent-tracker\n\n13782/tcp open  netbackup\n\n\n\nNmap scan report for 172.28.130.33\n\nHost is up (0.0018s latency).\n\nNot shown: 988 closed ports\n\nPORT     STATE SERVICE\n\n53/tcp   open  domain\n\n88/tcp   open  kerberos-sec\n\n135/tcp  open  msrpc\n\n139/tcp  open  netbios-ssn\n\n389/tcp  open  ldap\n\n445/tcp  open  microsoft-ds\n\n464/tcp  open  kpasswd5\n\n593/tcp  open  http-rpc-epmap\n\n636/tcp  open  ldapssl\n\n3268/tcp open  globalcatLDAP\n\n3269/tcp open  globalcatLDAPssl\n\n3389/tcp open  ms-wbt-server\n\n\n\nNmap scan report for 172.28.130.190\n\nHost is up (0.0030s latency).\n\nNot shown: 983 closed ports\n\nPORT      STATE SERVICE\n\n80/tcp    open  http\n\n135/tcp   open  msrpc\n\n139/tcp   open  netbios-ssn\n\n443/tcp   open  https\n\n445/tcp   open  microsoft-ds\n\n1433/tcp  open  ms-sql-s\n\n3389/tcp  open  ms-wbt-server\n\n5001/tcp  open  commplex-link\n\n8009/tcp  open  ajp13\n\n8010/tcp  open  xmpp\n\n8080/tcp  open  http-proxy\n\n8081/tcp  open  blackice-icecap\n\n8443/tcp  open  https-alt\n\n9090/tcp  open  zeus-admin\n\n49152/tcp open  unknown\n\n49153/tcp open  unknown\n\n49154/tcp open  unknown\n\n\n\nNmap scan report for 172.28.130.128\n\nHost is up (0.0022s latency).\n\nNot shown: 992 closed ports\n\nPORT     STATE SERVICE\n\n21/tcp   open  ftp\n\n135/tcp  open  msrpc\n\n139/tcp  open  netbios-ssn\n\n445/tcp  open  microsoft-ds\n\n2020/tcp open  xinupageserver\n\n2021/tcp open  servexec\n\n3389/tcp open  ms-wbt-server\n\n6000/tcp open  X11\n\n\n\nNmap scan report for 172.28.135.188\n\nHost is up (0.0050s latency).\n\nNot shown: 997 filtered ports\n\nPORT     STATE  SERVICE\n\n22/tcp   open   ssh\n\n80/tcp   closed http\n\n8000/tcp open   http-alt\n\n\n\nNmap scan report for 172.28.135.189\n\nHost is up (0.0031s latency).\n\nNot shown: 990 closed ports\n\nPORT      STATE SERVICE\n\n135/tcp   open  msrpc\n\n139/tcp   open  netbios-ssn\n\n445/tcp   open  microsoft-ds\n\n1433/tcp  open  ms-sql-s\n\n3389/tcp  open  ms-wbt-server\n\n49152/tcp open  unknown\n\n49153/tcp open  unknown\n\n49154/tcp open  unknown\n\n49155/tcp open  unknown\n\n49167/tcp open  unknown\n\n\n\nNmap scan report for 172.28.188.167\n\nHost is up (0.0049s latency).\n\nNot shown: 998 filtered ports\n\nPORT    STATE SERVICE\n\n22/tcp  open  ssh\n\n443/tcp open  https\n\n\n\nNmap scan report for 172.28.188.168\n\nHost is up (0.0042s latency).\n\nNot shown: 998 filtered ports\n\nPORT    STATE SERVICE\n\n22/tcp  open  ssh\n\n443/tcp open  https\n\n\n\nRead data files from: C:\Program Files (x86)\Nmap\n\nNmap done: 11 IP addresses (11 hosts up) scanned in 39.82 seconds\n\n           Raw packets sent: 17003 (747.956KB) | Rcvd: 5095 (204.564KB)\n\n",,up,ipv4,,172.28.190.153,,996,filtered,tcp,135,syn-ack,open,126,table,3,msrpc,,,,,,,,,,,Mon Apr 04 19:58:32 2022,1649077112,0,11,11
,,,,,,,,,,,,,,,,,,,172.28.190.153,,,,tcp,443,syn-ack,open,126,table,3,https,,,,,,,,,,,,,,,
,,,,,,,,,,,,,,,,,,,172.28.190.153,,,,tcp,3389,syn-ack,open,126,table,3,ms-wbt-server,,,,,,,,,,,,,,,
,,,,,,,,,,,,,,,,,,,172.28.190.153,,,,tcp,5357,syn-ack,open,126,table,3,wsdapi,,,,,,,,,,,,,,,
,,,,,,,,,,,,,,,,up,ipv4,,172.28.190.139,,997,filtered,tcp,80,syn-ack,open,126,table,3,http,,,,,,,,,,,,,,,
,,,,,,,,,,,,,,,,,,,172.28.190.139,,,,tcp,443,syn-ack,open,126,table,3,https,,,,,,,,,,,,,,,
,,,,,,,,,,,,,,,,,,,172.28.190.139,,,,tcp,3389,syn-ack,open,126,table,3,ms-wbt-server,,,,,,,,,,,,,,,
,,,,,,,,,,,,,,,,up,ipv4,,172.28.130.35,,973,closed,tcp,25,syn-ack,open,128,table,3,smtp,,,,,,,,,,,,,,,
,,,,,,,,,,,,,,,,,,,172.28.130.35,,,,tcp,80,syn-ack,open,128,table,3,http,,,,,,,,,,,,,,,
,,,,,,,,,,,,,,,,,,,172.28.130.35,,,,tcp,81,syn-ack,open,128,table,3,hosts2-ns,,,,,,,,,,,,,,,
,,,,,,,,,,,,,,,,,,,172.28.130.35,,,,tcp,88,syn-ack,open,128,table,3,kerberos-sec,,,,,,,,,,,,,,,
,,,,,,,,,,,,,,,,,,,172.28.130.35,,,,tcp,135,syn-ack,open,128,table,3,msrpc,,,,,,,,,,,,,,,
,,,,,,,,,,,,,,,,,,,172.28.130.35,,,,tcp,139,syn-ack,open,128,table,3,netbios-ssn,,,,,,,,,,,,,,,
,,,,,,,,,,,,,,,,,,,172.28.130.35,,,,tcp,443,syn-ack,open,128,table,3,https,,,,,,,,,,,,,,,
,,,,,,,,,,,,,,,,,,,172.28.130.35,,,,tcp,444,syn-ack,open,128,table,3,snpp,,,,,,,,,,,,,,,
,,,,,,,,,,,,,,,,,,,172.28.130.35,,,,tcp,445,syn-ack,open,128,table,3,microsoft-ds,,,,,,,,,,,,,,,
,,,,,,,,,,,,,,,,,,,172.28.130.35,,,,tcp,465,syn-ack,open,128,table,3,smtps,,,,,,,,,,,,,,,
,,,,,,,,,,,,,,,,,,,172.28.130.35,,,,tcp,587,syn-ack,open,128,table,3,submission,,,,,,,,,,,,,,,
,,,,,,,,,,,,,,,,,,,172.28.130.35,,,,tcp,593,syn-ack,open,128,table,3,http-rpc-epmap,,,,,,,,,,,,,,,
,,,,,,,,,,,,,,,,,,,172.28.130.35,,,,tcp,808,syn-ack,open,128,table,3,ccproxy-http,,,,,,,,,,,,,,,
,,,,,,,,,,,,,,,,,,,172.28.130.35,,,,tcp,1556,syn-ack,open,128,table,3,veritas_pbx,,,,,,,,,,,,,,,
,,,,,,,,,,,,,,,,,,,172.28.130.35,,,,tcp,1801,syn-ack,open,128,table,3,msmq,,,,,,,,,,,,,,,
,,,,,,,,,,,,,,,,,,,172.28.130.35,,,,tcp,2103,syn-ack,open,128,table,3,zephyr-clt,,,,,,,,,,,,,,,
,,,,,,,,,,,,,,,,,,,172.28.130.35,,,,tcp,2105,syn-ack,open,128,table,3,eklogin,,,,,,,,,,,,,,,
,,,,,,,,,,,,,,,,,,,172.28.130.35,,,,tcp,2107,syn-ack,open,128,table,3,msmq-mgmt,,,,,,,,,,,,,,,
,,,,,,,,,,,,,,,,,,,172.28.130.35,,,,tcp,2525,syn-ack,open,128,table,3,ms-v-worlds,,,,,,,,,,,,,,,
,,,,,,,,,,,,,,,,,,,172.28.130.35,,,,tcp,3389,syn-ack,open,128,table,3,ms-wbt-server,,,,,,,,,,,,,,,
,,,,,,,,,,,,,,,,,,,172.28.130.35,,,,tcp,3800,syn-ack,open,128,table,3,pwgpsi,,,,,,,,,,,,,,,
,,,,,,,,,,,,,,,,,,,172.28.130.35,,,,tcp,3801,syn-ack,open,128,table,3,ibm-mgr,,,,,,,,,,,,,,,
,,,,,,,,,,,,,,,,,,,172.28.130.35,,,,tcp,3828,syn-ack,open,128,table,3,neteh,,,,,,,,,,,,,,,
,,,,,,,,,,,,,,,,,,,172.28.130.35,,,,tcp,6001,syn-ack,open,128,table,3,X11:1,,,,,,,,,,,,,,,
,,,,,,,,,,,,,,,,,,,172.28.130.35,,,,tcp,6667,syn-ack,open,128,table,3,irc,,,,,,,,,,,,,,,
,,,,,,,,,,,,,,,,,,,172.28.130.35,,,,tcp,9010,syn-ack,open,128,table,3,sdr,,,,,,,,,,,,,,,
,,,,,,,,,,,,,,,,,,,172.28.130.35,,,,tcp,13782,syn-ack,open,128,table,3,netbackup,,,,,,,,,,,,,,,
,,,,,,,,,,,,,,,,up,ipv4,,172.28.130.37,,977,filtered,tcp,25,syn-ack,open,128,table,3,smtp,,,,,,,,,,,,,,,
,,,,,,,,,,,,,,,,,,,172.28.130.37,,,,tcp,80,syn-ack,open,128,table,3,http,,,,,,,,,,,,,,,
,,,,,,,,,,,,,,,,,,,172.28.130.37,,,,tcp,81,syn-ack,open,128,table,3,hosts2-ns,,,,,,,,,,,,,,,
,,,,,,,,,,,,,,,,,,,172.28.130.37,,,,tcp,135,syn-ack,open,128,table,3,msrpc,,,,,,,,,,,,,,,
,,,,,,,,,,,,,,,,,,,172.28.130.37,,,,tcp,139,syn-ack,open,128,table,3,netbios-ssn,,,,,,,,,,,,,,,
,,,,,,,,,,,,,,,,,,,172.28.130.37,,,,tcp,443,syn-ack,open,128,table,3,https,,,,,,,,,,,,,,,
,,,,,,,,,,,,,,,,,,,172.28.130.37,,,,tcp,444,syn-ack,open,128,table,3,snpp,,,,,,,,,,,,,,,
,,,,,,,,,,,,,,,,,,,172.28.130.37,,,,tcp,445,syn-ack,open,128,table,3,microsoft-ds,,,,,,,,,,,,,,,
,,,,,,,,,,,,,,,,,,,172.28.130.37,,,,tcp,465,syn-ack,open,128,table,3,smtps,,,,,,,,,,,,,,,
,,,,,,,,,,,,,,,,,,,172.28.130.37,,,,tcp,587,syn-ack,open,128,table,3,submission,,,,,,,,,,,,,,,
,,,,,,,,,,,,,,,,,,,172.28.130.37,,,,tcp,593,syn-ack,open,128,table,3,http-rpc-epmap,,,,,,,,,,,,,,,
,,,,,,,,,,,,,,,,,,,172.28.130.37,,,,tcp,808,syn-ack,open,128,table,3,ccproxy-http,,,,,,,,,,,,,,,
,,,,,,,,,,,,,,,,,,,172.28.130.37,,,,tcp,1556,syn-ack,open,128,table,3,veritas_pbx,,,,,,,,,,,,,,,
,,,,,,,,,,,,,,,,,,,172.28.130.37,,,,tcp,1801,syn-ack,open,128,table,3,msmq,,,,,,,,,,,,,,,
,,,,,,,,,,,,,,,,,,,172.28.130.37,,,,tcp,2103,syn-ack,open,128,table,3,zephyr-clt,,,,,,,,,,,,,,,
,,,,,,,,,,,,,,,,,,,172.28.130.37,,,,tcp,2105,syn-ack,open,128,table,3,eklogin,,,,,,,,,,,,,,,
,,,,,,,,,,,,,,,,,,,172.28.130.37,,,,tcp,2107,syn-ack,open,128,table,3,msmq-mgmt,,,,,,,,,,,,,,,
,,,,,,,,,,,,,,,,,,,172.28.130.37,,,,tcp,2525,syn-ack,open,128,table,3,ms-v-worlds,,,,,,,,,,,,,,,
,,,,,,,,,,,,,,,,,,,172.28.130.37,,,,tcp,3389,syn-ack,open,128,table,3,ms-wbt-server,,,,,,,,,,,,,,,
,,,,,,,,,,,,,,,,,,,172.28.130.37,,,,tcp,6001,syn-ack,open,128,table,3,X11:1,,,,,,,,,,,,,,,
,,,,,,,,,,,,,,,,,,,172.28.130.37,,,,tcp,6646,syn-ack,open,128,table,3,unknown,,,,,,,,,,,,,,,
,,,,,,,,,,,,,,,,,,,172.28.130.37,,,,tcp,6881,syn-ack,open,128,table,3,bittorrent-tracker,,,,,,,,,,,,,,,
,,,,,,,,,,,,,,,,,,,172.28.130.37,,,,tcp,13782,syn-ack,open,128,table,3,netbackup,,,,,,,,,,,,,,,
,,,,,,,,,,,,,,,,up,ipv4,,172.28.130.33,,988,closed,tcp,53,syn-ack,open,128,table,3,domain,,,,,,,,,,,,,,,
,,,,,,,,,,,,,,,,,,,172.28.130.33,,,,tcp,88,syn-ack,open,128,table,3,kerberos-sec,,,,,,,,,,,,,,,
,,,,,,,,,,,,,,,,,,,172.28.130.33,,,,tcp,135,syn-ack,open,128,table,3,msrpc,,,,,,,,,,,,,,,
,,,,,,,,,,,,,,,,,,,172.28.130.33,,,,tcp,139,syn-ack,open,128,table,3,netbios-ssn,,,,,,,,,,,,,,,
,,,,,,,,,,,,,,,,,,,172.28.130.33,,,,tcp,389,syn-ack,open,128,table,3,ldap,,,,,,,,,,,,,,,
,,,,,,,,,,,,,,,,,,,172.28.130.33,,,,tcp,445,syn-ack,open,128,table,3,microsoft-ds,,,,,,,,,,,,,,,
,,,,,,,,,,,,,,,,,,,172.28.130.33,,,,tcp,464,syn-ack,open,128,table,3,kpasswd5,,,,,,,,,,,,,,,
,,,,,,,,,,,,,,,,,,,172.28.130.33,,,,tcp,593,syn-ack,open,128,table,3,http-rpc-epmap,,,,,,,,,,,,,,,
,,,,,,,,,,,,,,,,,,,172.28.130.33,,,,tcp,636,syn-ack,open,128,table,3,ldapssl,,,,,,,,,,,,,,,
,,,,,,,,,,,,,,,,,,,172.28.130.33,,,,tcp,3268,syn-ack,open,128,table,3,globalcatLDAP,,,,,,,,,,,,,,,
,,,,,,,,,,,,,,,,,,,172.28.130.33,,,,tcp,3269,syn-ack,open,128,table,3,globalcatLDAPssl,,,,,,,,,,,,,,,
,,,,,,,,,,,,,,,,,,,172.28.130.33,,,,tcp,3389,syn-ack,open,128,table,3,ms-wbt-server,,,,,,,,,,,,,,,
,,,,,,,,,,,,,,,,up,ipv4,,172.28.130.190,,983,closed,tcp,80,syn-ack,open,128,table,3,http,,,,,,,,,,,,,,,
,,,,,,,,,,,,,,,,,,,172.28.130.190,,,,tcp,135,syn-ack,open,128,table,3,msrpc,,,,,,,,,,,,,,,
,,,,,,,,,,,,,,,,,,,172.28.130.190,,,,tcp,139,syn-ack,open,128,table,3,netbios-ssn,,,,,,,,,,,,,,,
,,,,,,,,,,,,,,,,,,,172.28.130.190,,,,tcp,443,syn-ack,open,128,table,3,https,,,,,,,,,,,,,,,
,,,,,,,,,,,,,,,,,,,172.28.130.190,,,,tcp,445,syn-ack,open,128,table,3,microsoft-ds,,,,,,,,,,,,,,,
,,,,,,,,,,,,,,,,,,,172.28.130.190,,,,tcp,1433,syn-ack,open,128,table,3,ms-sql-s,,,,,,,,,,,,,,,
,,,,,,,,,,,,,,,,,,,172.28.130.190,,,,tcp,3389,syn-ack,open,128,table,3,ms-wbt-server,,,,,,,,,,,,,,,
,,,,,,,,,,,,,,,,,,,172.28.130.190,,,,tcp,5001,syn-ack,open,128,table,3,commplex-link,,,,,,,,,,,,,,,
,,,,,,,,,,,,,,,,,,,172.28.130.190,,,,tcp,8009,syn-ack,open,128,table,3,ajp13,,,,,,,,,,,,,,,
,,,,,,,,,,,,,,,,,,,172.28.130.190,,,,tcp,8010,syn-ack,open,128,table,3,xmpp,,,,,,,,,,,,,,,
,,,,,,,,,,,,,,,,,,,172.28.130.190,,,,tcp,8080,syn-ack,open,128,table,3,http-proxy,,,,,,,,,,,,,,,
,,,,,,,,,,,,,,,,,,,172.28.130.190,,,,tcp,8081,syn-ack,open,128,table,3,blackice-icecap,,,,,,,,,,,,,,,
,,,,,,,,,,,,,,,,,,,172.28.130.190,,,,tcp,8443,syn-ack,open,128,table,3,https-alt,,,,,,,,,,,,,,,
,,,,,,,,,,,,,,,,,,,172.28.130.190,,,,tcp,9090,syn-ack,open,128,table,3,zeus-admin,,,,,,,,,,,,,,,
,,,,,,,,,,,,,,,,,,,172.28.130.190,,,,tcp,49152,syn-ack,open,128,table,3,unknown,,,,,,,,,,,,,,,
,,,,,,,,,,,,,,,,,,,172.28.130.190,,,,tcp,49153,syn-ack,open,128,table,3,unknown,,,,,,,,,,,,,,,
,,,,,,,,,,,,,,,,,,,172.28.130.190,,,,tcp,49154,syn-ack,open,128,table,3,unknown,,,,,,,,,,,,,,,
,,,,,,,,,,,,,,,,up,ipv4,,172.28.130.128,,992,closed,tcp,21,syn-ack,open,128,table,3,ftp,,,,,,,,,,,,,,,
,,,,,,,,,,,,,,,,,,,172.28.130.128,,,,tcp,135,syn-ack,open,128,table,3,msrpc,,,,,,,,,,,,,,,
,,,,,,,,,,,,,,,,,,,172.28.130.128,,,,tcp,139,syn-ack,open,128,table,3,netbios-ssn,,,,,,,,,,,,,,,
,,,,,,,,,,,,,,,,,,,172.28.130.128,,,,tcp,445,syn-ack,open,128,table,3,microsoft-ds,,,,,,,,,,,,,,,
,,,,,,,,,,,,,,,,,,,172.28.130.128,,,,tcp,2020,syn-ack,open,128,table,3,xinupageserver,,,,,,,,,,,,,,,
,,,,,,,,,,,,,,,,,,,172.28.130.128,,,,tcp,2021,syn-ack,open,128,table,3,servexec,,,,,,,,,,,,,,,
,,,,,,,,,,,,,,,,,,,172.28.130.128,,,,tcp,3389,syn-ack,open,128,table,3,ms-wbt-server,,,,,,,,,,,,,,,
,,,,,,,,,,,,,,,,,,,172.28.130.128,,,,tcp,6000,syn-ack,open,128,table,3,X11,,,,,,,,,,,,,,,
,,,,,,,,,,,,,,,,up,ipv4,,172.28.135.188,,997,filtered,tcp,22,syn-ack,open,64,table,3,ssh,,,,,,,,,,,,,,,
,,,,,,,,,,,,,,,,,,,172.28.135.188,,,,tcp,80,reset,closed,64,table,3,http,,,,,,,,,,,,,,,
,,,,,,,,,,,,,,,,,,,172.28.135.188,,,,tcp,8000,syn-ack,open,64,table,3,http-alt,,,,,,,,,,,,,,,
,,,,,,,,,,,,,,,,up,ipv4,,172.28.135.189,,990,closed,tcp,135,syn-ack,open,128,table,3,msrpc,,,,,,,,,,,,,,,
,,,,,,,,,,,,,,,,,,,172.28.135.189,,,,tcp,139,syn-ack,open,128,table,3,netbios-ssn,,,,,,,,,,,,,,,
,,,,,,,,,,,,,,,,,,,172.28.135.189,,,,tcp,445,syn-ack,open,128,table,3,microsoft-ds,,,,,,,,,,,,,,,
,,,,,,,,,,,,,,,,,,,172.28.135.189,,,,tcp,1433,syn-ack,open,128,table,3,ms-sql-s,,,,,,,,,,,,,,,
,,,,,,,,,,,,,,,,,,,172.28.135.189,,,,tcp,3389,syn-ack,open,128,table,3,ms-wbt-server,,,,,,,,,,,,,,,
,,,,,,,,,,,,,,,,,,,172.28.135.189,,,,tcp,49152,syn-ack,open,128,table,3,unknown,,,,,,,,,,,,,,,
,,,,,,,,,,,,,,,,,,,172.28.135.189,,,,tcp,49153,syn-ack,open,128,table,3,unknown,,,,,,,,,,,,,,,
,,,,,,,,,,,,,,,,,,,172.28.135.189,,,,tcp,49154,syn-ack,open,128,table,3,unknown,,,,,,,,,,,,,,,
,,,,,,,,,,,,,,,,,,,172.28.135.189,,,,tcp,49155,syn-ack,open,128,table,3,unknown,,,,,,,,,,,,,,,
,,,,,,,,,,,,,,,,,,,172.28.135.189,,,,tcp,49167,syn-ack,open,128,table,3,unknown,,,,,,,,,,,,,,,
,,,,,,,,,,,,,,,,up,ipv4,,172.28.188.167,,998,filtered,tcp,22,syn-ack,open,63,table,3,ssh,,,,,,,,,,,,,,,
,,,,,,,,,,,,,,,,,,,172.28.188.167,,,,tcp,443,syn-ack,open,63,table,3,https,,,,,,,,,,,,,,,
,,,,,,,,,,,,,,,,up,ipv4,,172.28.188.168,,998,filtered,tcp,22,syn-ack,open,63,table,3,ssh,,,,,,,,,,,,,,,
,,,,,,,,,,,,,,,,,,,172.28.188.168,,,,tcp,443,syn-ack,open,63,table,3,https,,,,,,,,,,,,,,,
